username,handle,postDate,responding,retweets,likes
Economia SC,@economiasc1,2023-04-12T17:06:28.000Z,"Confira: https://economiasc.com/2023/04/12/b3-e-neoway-vao-promover-pitch-day-no-web-summit-rio/…

#websummit #websummitrio #riodejaneiro #brasil #neoway #b3",2,
"Public Monitoring Project, IoT Cloud",@narodmon,2023-04-11T17:11:10.000Z,"Photo from the Project member antonakulov73
More info on http://narodmon.com/#catdiy
#Покровское #Pokrovskoe #Ульяновск #Ulyanovsk #bme280 #nrf24l01 #neoway #m590 #narodmon #народныймониторинг #интернетвещей #iot #cloud #метеостанция #meteostation #weatherstation #diy #датчик #sensor",,1
Neoway | Uma empresa B3,@neoway_oficial,2023-04-04T19:14:31.000Z,"Time reunido também no escritório de Florianópolis-SC.

E também em todo o Brasil e mundo, de forma híbrida.

Seguimos com o nosso treinamento, sobre...



#Floripa #Neoway #treinamento",,4
Neoway | Uma empresa B3,@neoway_oficial,2023-04-04T18:29:27.000Z,"Tudo  por aqui!

Hoje, o nosso time está reunido no escritório de São Paulo-SP e também de forma híbrida. 

Temos um treinamento essencial acontecendo neste momento.

Qual será o tema? 

#treinamento #Neoway #saopaulo",,4
João,@jc85lima,2022-08-11T11:59:57.000Z, #DDB2022 #B3 #Neoway #DataAnalytics,,
Fernanda Baggio,@NandaBaggio_B3,2022-08-02T02:22:21.000Z,"A união que está transformando o mercado de dados do Brasil.

#ddb2022 #b3 #neoway #dados",,
Andrew Brown,@AJBrownAnalyst,2022-07-29T14:50:16.000Z,"Interesting development. The #IoT #module business has been shifting towards the Chinese giants such as #Quectel and #Sunsea AIoT among other (#Fibocomm, #Neoway etc) for the last few years. These companies are also showing ambitions beyond hardware-such…",1,
Wisdom Accelerator,@GetWiserFaster,2022-07-14T18:51:31.000Z,"Last year Caitlin Krause @MindWise_CK came to our #NEOWAY session and talked about the role of technology in wellness and well being. You might learn something, so check it out: 
https://youtube.com/watch?v=3vDUG4JlPno…

#youthempowerment #Wellbeing #Mentalhealth  #technologies",1,3
Wisdom Accelerator,@GetWiserFaster,2022-06-28T14:50:57.000Z,"Have you heard of the World Happiness Summit 
@WOHASU
 ? Well the creator, 
@karenguggenheim
 , was a speaker at #NEOWAY and she explains the necessity and impact of happiness!

https://youtube.com/watch?v=LiLwtvlhpA8…

#Happiness #WOHASU #YouthEmpowerment #wellness #Wellbeing",,
Economia SC,@economiasc1,2022-06-22T14:15:04.000Z,"Confira: https://economiasc.com/2022/06/22/neoway-aposta-em-jornada-de-carreira-e-abre-mais-de-100-vagas-de-emprego/…

#neoway #santacatarina #brasil #tecnologia #carreiras #vagas #emprego #vagasdeempregonaneoway",,
Wisdom Accelerator,@GetWiserFaster,2022-06-09T17:43:56.000Z,"Last year 
@LM_writes
 came to our #NEOWAY session, and shared with us her 11 wisdom capsules. Check out her story :

https://youtube.com/watch?v=QC5zEBA8XrU…

#youthempowerment #Wisdom #Mindset 
@GlobalShapers",,3
My name isn't Wilker,@SouWilkens,2022-06-03T18:45:07.000Z,Não entendi a necessidade de colocar Pessoa no anúncio da vaga. Eles entrevistam animais? #Neoway,,1
Jornal Empresas e Negócios,@EmpresasJornal,2022-05-11T19:27:52.000Z,"News@TI 11/05/2022 https://jornalempresasenegocios.com.br/outras-colunas/news-ti/newsti-11-05-2022/… #newsti #oabsp #MarketplacedeLegaltechs #Neoway

#Razer #ViperV2Pro #EdTech #vagas",,
Economia SC,@economiasc1,2022-05-10T17:50:54.000Z,"Confira: https://economiasc.com/2022/05/10/neoway-abre-100-vagas-de-emprego-em-diversas-areas/…

#neoway #carreiras #florianopolis #santacatarina #brasil #saopaulo #hibrdio #remoto #trabalho #homeoffice",,
Ary,@Ary_AntiPT,2022-02-08T03:59:22.000Z,"#Neoway e a ROUBALHEIRA DA SAUDE em EPOCA DE COVID 

O Bonde do Alicate, a turma da Lava Jato e os movimentos Anti Corrupcao  nao comemoraram o ""Primeiro acordo de leniência da história do Governo de SC resulta na devolução de R$ 50,6 milhões"" ? 
 https://cge.sc.gov.br/primeiro-acordo-de-leniencia-da-historia-do-governo-de-sc-resulta-na-devolucao-de-r-506-milhoes-aos-cofres-publicos/…",2,1
VidyadharPrabhudesai,@vaprabhudesai,2022-01-28T12:46:48.000Z,"I’ll speak at Wisdom Accelerator for Youth, a free online event for teenagers who wish to become wiser faster by learning from the experiences of successful professionals. Zoom links and speakers http://NeoWAY.org 
@getwiserfaster
 #education #learning #teens #wisdom #neoway",,2
Kumar Manish,@kumarmanish9,2022-01-28T07:59:59.000Z,"#PayingItForward 
I’ll speak at Wisdom Accelerator for Youth, a free online event for teenagers who wish to become wiser faster by learning from the experiences of successful professionals. Zoom links and speakers are listed at http://NeoWAY.org 
@GetWiserFaster
 
#NeoWay",5,9
Leandro Leão,@lleao2k,2022-01-20T15:03:24.000Z,"Confira ai o artigo do nosso time organizado pelo Breno Costa sobre a construção de Uma Plataforma de Machine Learning baseado em ""primeiro o Time"" e processos de Produtos #machinelearning #neoway #vempraneoway https://lnkd.in/eWyEZ7rX",1,
Neoway Technology,@neowaytech,2022-01-17T10:28:40.000Z,"#Neoway's automotive-grade module #A590 supports #5G and C-V2X technologies, supports direct vehicle-to-vehicle communications, and connects to cloud platforms by using cellular communications, making A590 the best choice for 5G #RSUs.

https://neoway.com/company-news/1456.html…",,1
SmarttBot,@smarttbot,2021-12-28T23:10:01.000Z," Escassez global de chips para produção promete continuar até 2023. Veja as consequências disso.

Seu resumo com as principais #notícias que vão movimentar o #mercadofinanceiro chegou! 

Informe-se: http://bit.ly/3mGjJpD.

#B3 #NFT #Criptomoeda #Carros #Neoway #Privatização",,
Udeme Okono,@UdemeOkono,2021-12-18T06:35:06.000Z,"I’ll speak at Wisdom Accelerator for Youth, an event for teenagers who wish to become wiser faster by learning from the experiences of successful professionals.

5pm, today.

Zoom link is listed at http://NeoWAY.org 
@getwiserfaster
 #education #learning #teens #neoway",3,8
Ayodeji Babatunde | HBCUvc Fellow,@AyodejiOB,2021-11-27T17:28:35.000Z,"I’ll speak at Wisdom Accelerator for Youth, an online event for teenagers who wish to become wiser faster by learning from the experiences of successful professionals. Invites and speakers are listed at http://NeoWAY.org 
@getwiserfaster
 #education #learning #wisdom #neoway",,
André Araújo,@jjihec,2021-10-20T14:17:30.000Z,"pagamentos e de  infraestrutura para o mercado financeiro. 

A #B3 anunciou a aquisição da empresa de tecnologia #Neoway, especializada em exploração e análise de dados, ou “big data analytics”. Em uma negociação disputada, a #Bolsa brasileira decidiu desembolsar ...",,
Evandro Lima,@evandrolima395,2021-10-20T13:46:02.000Z,"#análiseações

Destaques de hoje (20).

 #CRFB3 O 
@carrefourbrasil
  divulgou seus números operacionais do 3T21 ontem à noite, com números mais fracos do que o esperado em suas operações de varejo e atacarejo. 

#B3SA3 Aquisição da #Neoway + atualizações com #CFO",,
E-Investidor,@EInvestidor,2021-10-19T21:06:28.000Z," Com aquisição de 100% do capital da #Neoway, a #B3 espera oferecer produtos que possam ajudar clientes financeiros e não financeiros a melhorar os seus negócios a partir da análise de dados.",1,1
Evandro Lima,@evandrolima395,2021-10-19T16:58:14.000Z,"Já IRB avança com eleição de Willy Otto Jordan Neto para CFO. 

B3 ON #B3SA3 cai 1,01%, menos do que o índice.
A empresa anunciou hoje a compra da #Neoway, empresa especializada em big data analytics e inteligência artificial para negócios, por R$ 1,8 bilhão.",,
Noticenter,@noticenter,2021-10-19T14:45:15.000Z,"B3 confirma oficialmente a compra da Neoway por R$ 1,8 bi.

Saiba mais: http://ow.ly/fHEj50GtUBa

#B3 #Neoway #negocios #santacatarina #noticenter",,
AcontecendoAqui,@acontecendoaqui,2021-10-19T14:20:23.000Z,"B3 anuncia aquisição da Neoway por R$ 1,8 bilhão #AcontecendoAqui
>>> http://acontecen.do/1owo
#neoway",,
Evandro Lima,@evandrolima395,2021-10-19T13:55:00.000Z,"A B3 #B3SA3 comprou 100% do capital social da #Neoway por R$ 1,8 bilhão. 

Segundo a #B3, em fato relevante, a compra da #Neoway está em linha com a estratégia da #B3 de desenvolver produtos de dados e analytics para os mercados financeiro e de capitais, bem como de crédito",,
Finsiders.com.br,@Finsiders2,2021-10-19T13:52:02.000Z,"Em julho, a 
@B3_Oficial
 também anunciou sociedade com a 
@TOTVS
 para construir uma nova empresa, agora chamada de Dimensa. No 
@Finsiders2
 

#b3 #neoway #totvs #dimensa #aquisição",,4
Economia SC,@economiasc1,2021-10-19T13:11:05.000Z,"Saiba mais: https://economiasc.com/2021/10/19/b3-adquire-catarinense-neoway-por-r-18-bilhao/…

#neoway #bolsadevalores #bigdata #analytics #inteligenciaartificial #florianopolis #santacatarina #brasil #negocios",1,1
Evandro Lima,@evandrolima395,2021-10-19T13:07:55.000Z,"#Estratégia da #B3SA3

A gestão da #Neoway acontecerá com grande independência para preservar sua flexibilidade e forte cultura de inovação.",,
Evandro Lima,@evandrolima395,2021-10-19T13:05:34.000Z,"#Estratégia da #B3SA3

A aquisição da #Neoway está em linha com a estratégia da #B3 de desenvolver produtos de dados e
#analytics para os mercados #financeiro e de #capitais, bem como de #crédito e #varejo atendendo tanto
clientes financeiros quanto clientes de outros mercados.",,
Noticenter,@noticenter,2021-10-14T20:43:44.000Z,"B3 negocia a aquisição da empresa catarinense Neoway por mais de R$ 1,5 bilhão.

Saiba mais: http://ow.ly/IK8f50GrIdS

#B3 #negocios #Neoway #empresas #Florianópolis #santacatarina #noticenter",,
Economia SC,@economiasc1,2021-10-14T17:11:00.000Z,"Saiba mais: https://economiasc.com/2021/10/14/b3-negocia-compra-da-neoway/…

#neoway #florianopolis #santacatarina #brasil #negocios #bolsadevalores",,
E-Investidor,@EInvestidor,2021-10-14T15:20:15.000Z,"A B3 (#B3SA3) está em tratativas para compra da #Neoway, empresa de tecnologia especializada em big data analytics e inteligência artificial para negócios.",2,1
Dantas,@seudantas,2021-10-14T14:12:54.000Z,#B3 e #Neoway,,1
Money Times,@leiamoneytimes,2021-10-14T13:09:40.000Z,B3 está em tratativas para adquirir Neoway #B3SA3 #empresas #aquisições #investimentos #ações #tecnologia #bigdata #serviços #neoway,1,6
Leandro Leão,@lleao2k,2021-09-29T20:35:22.000Z,compartilhando oportunidade... #neoway #oportunidade https://lnkd.in/gVJD-j9G,,
Valor Econômico,@valoreconomico,2021-09-22T15:07:43.000Z,"#Patrocinado por #Neoway O compliance não para de ganhar espaço em empresas que visam boas práticas de gestão de riscos e governança corporativa. 

Participe de uma conversa sobre o tema nesta quinta-feira, dia 23, às 15h. Inscreva-se em https://livecompliance.com.br",1,10
Gordon MacLellan,@creepingtoad,2021-08-26T17:43:15.000Z,"I’ll speak at Wisdom Accelerator for Youth, a free online event for teenagers who wish to become wiser faster by learning from the experiences of successful professionals. Links and speakers are listed at http://NeoWAY.org 
@getwiserfaster
  #learning #teens #wisdom #neoway",2,3
Renaldo Lawrence,@lawrencerenaldo,2021-08-25T14:59:41.000Z,"I’ll speak at Wisdom Accelerator for Youth, a free online event for teenagers who wish to become wiser faster by learning from the experiences of successful professionals. http://NeoWAY.org 
@getwiserfaster
 #education #learning #teens #wisdom #neoway",1,4
Tashfeen,@tashfene,2021-06-26T21:20:21.000Z,"I’ll speak at Wisdom Accelerator for Youth, a free online event for teenagers who wish to become wiser faster by learning from the experiences of successful professionals. Zoom links and speakers are listed at http://NeoWAY.org 
@getwiserfaster
 #learning #wisdom #neoway",,2
Miss Atomic Bomb,@fabyvgalicia,2021-06-23T16:32:40.000Z,"I’ll speak at Wisdom Accelerator for Youth, a free online event for teenagers who'll learn from experiences of professionals. Zoom links and speakers are listed at: http://NeoWAY.org 
@getwiserfaster
 #education #learning #teens #wisdom #neoway ",,4
ErickMartinKatangaza,@ely_cque,2021-06-16T20:14:39.000Z,"I Don't Have Friends ,I Have Family
 #neocatechumenalway #Neocat #NeoWay",,1
Montserrat Fregoso Fonseca,@MontseFreg97,2021-05-29T00:38:22.000Z,"Tomorrow 11am PST I’ll speak at 
@getwiserfaster
, a free online event for teens who wish to become wiser faster by learning from the experiences of diverse successful professionals. Zoom links and speakers are listed at http://NeoWAY.org  #education #learning #neoway",,
Security Business,@secbiz_portal,2021-05-06T18:00:49.000Z,"A Neoway conquistou a ISO 27001 premiando, sobretudo, a área dedicada à segurança da informação.

Leia mais: https://mla.bs/7e7f88a5

#securitybusiness #segurancaeletronica #cibersegurança #lgpd #neoway certificaçao #digitalsecurity",,
Akumishi Blessing Ayenajeh,@iamakumishi,2021-04-25T07:17:08.000Z,"#wisdom #neoway 
#AbujaTwitterCommunity",,
Stevenson Capital & Co.,@StevensonCapCo,2021-04-23T20:23:40.000Z,"I’ll speak at Wisdom Accelerator for Youth, an online event for teenagers who wish to become wiser faster by learning from the experiences of successful professionals. Zoom links and speakers at http://NeoWAY.org 
@getwiserfaster
 #education #teens #neoway #FutureofFood",,
Abigail Geronimo,@abigailgeronim4,2021-04-20T00:33:29.000Z,"I’ll speak at Wisdom Accelerator for Youth, a free online event for teenagers who wish to become wiser faster by learning from the experiences of successful professionals. Zoom links and speakers are listed at http://NeoWAY.org 
@getwiserfaster
 #education #wisdom #neoway",,
Wisdom Accelerator,@GetWiserFaster,2021-03-28T15:18:47.000Z,"Wisdom Accelerator for Youth (WAY): making global teens wiser faster 

Monthly free Zoom sessions: http://NeoWAY.org

http://WisdomAccelerator.org

#way #wisdom #wisdomaccelerator #neoway #getwiserfaster #teen #teenagers #GenZ #education #learning

TW, IG, FB, LI 
@GetWiserFaster",,
Wisdom Accelerator,@GetWiserFaster,2021-03-28T15:18:29.000Z,"Wisdom Accelerator for Youth (WAY): making global teens wiser faster 

Monthly free Zoom sessions: http://NeoWAY.org

http://WisdomAccelerator.org

#way #wisdom #wisdomaccelerator #neoway #getwiserfaster #teen #teenagers #GenZ #education #learning

TW, IG, FB, LI 
@GetWiserFaster",,
Wisdom Accelerator,@GetWiserFaster,2021-03-28T15:18:12.000Z,"Wisdom Accelerator for Youth (WAY): making global teens wiser faster 

Monthly free Zoom sessions: http://NeoWAY.org

http://WisdomAccelerator.org

#way #wisdom #wisdomaccelerator #neoway #getwiserfaster #teen #teenagers #GenZ #education #learning

TW, IG, FB, LI 
@GetWiserFaster",,
Wisdom Accelerator,@GetWiserFaster,2021-03-28T15:17:48.000Z,"Wisdom Accelerator for Youth (WAY): making global teens wiser faster 

Monthly free Zoom sessions: http://NeoWAY.org

http://WisdomAccelerator.org

#way #wisdom #wisdomaccelerator #neoway #getwiserfaster #teen #teenagers #GenZ #education #learning

TW, IG, FB, LI 
@GetWiserFaster",,
Wisdom Accelerator,@GetWiserFaster,2021-03-28T15:17:39.000Z,"Wisdom Accelerator for Youth (WAY): making global teens wiser faster 

Monthly free Zoom sessions: http://NeoWAY.org

http://WisdomAccelerator.org

#way #wisdom #wisdomaccelerator #neoway #getwiserfaster #teen #teenagers #GenZ #education #learning

TW, IG, FB, LI 
@GetWiserFaster",,
Wisdom Accelerator,@GetWiserFaster,2021-03-28T15:17:28.000Z,"Wisdom Accelerator for Youth (WAY): making global teens wiser faster 

Monthly free Zoom sessions: http://NeoWAY.org

http://WisdomAccelerator.org

#way #wisdom #wisdomaccelerator #neoway #getwiserfaster #teen #teenagers #GenZ #education #learning

TW, IG, FB, LI 
@GetWiserFaster",,
Wisdom Accelerator,@GetWiserFaster,2021-02-24T08:29:17.000Z,"Wisdom Accelerator for Youth (WAY): making global teens wiser faster 

Monthly free Zoom sessions: http://NeoWAY.org

http://WisdomAccelerator.org

#way #wisdom #wisdomaccelerator #neoway #getwiserfaster #teen #teenagers #GenZ #education #learning

TW, IG, FB, LI 
@GetWiserFaster",,
Wisdom Accelerator,@GetWiserFaster,2021-02-24T08:29:10.000Z,"Wisdom Accelerator for Youth (WAY): making global teens wiser faster 

Monthly free Zoom sessions: http://NeoWAY.org

http://WisdomAccelerator.org

#way #wisdom #wisdomaccelerator #neoway #getwiserfaster #teen #teenagers #GenZ #education #learning

TW, IG, FB, LI 
@GetWiserFaster",,
Wisdom Accelerator,@GetWiserFaster,2021-02-24T08:28:56.000Z,"Wisdom Accelerator for Youth (WAY): making global teens wiser faster 

Monthly free Zoom sessions: http://NeoWAY.org

http://WisdomAccelerator.org

#way #wisdom #wisdomaccelerator #neoway #getwiserfaster #teen #teenagers #GenZ #education #learning

TW, IG, FB, LI 
@GetWiserFaster",,
khadija Tirha,@khadijaelif,2021-02-23T23:19:48.000Z,"I’ll speak at Wisdom Accelerator for Youth, a free online event for teenagers who wish to become wiser faster by learning from the experiences of successful professionals. Zoom links and speakers are listed at http://NeoWAY.org 
@getwiserfaster
 #education #wisdom #neoway",,1
neversaynotochocolate,@majajovicicbl,2021-02-23T10:20:52.000Z,"This weekend, I’ll be speaking at the 
@getwiserfaster
 #free #onlineevent for #teenagers with drive  Learn from the #experiences of #successful professionals - #zoom links and speakers are listed at http://NeoWAY.org!  #education #learning #teens #wisdom #neoway",,4
Wisdom Accelerator,@GetWiserFaster,2021-02-22T15:44:53.000Z,"Wisdom Accelerator for Youth (WAY): making global teens wiser faster 

Monthly free Zoom sessions: http://NeoWAY.org

http://WisdomAccelerator.org

#way #wisdom #wisdomaccelerator #neoway #getwiserfaster #teen #teenagers #GenZ #education #learning

TW, IG, FB, LI 
@GetWiserFaster",,
Wisdom Accelerator,@GetWiserFaster,2021-02-22T15:44:36.000Z,"Wisdom Accelerator for Youth (WAY): making global teens wiser faster 

Monthly free Zoom sessions: http://NeoWAY.org

http://WisdomAccelerator.org

#way #wisdom #wisdomaccelerator #neoway #getwiserfaster #teen #teenagers #GenZ #education #learning

TW, IG, FB, LI 
@GetWiserFaster",,
Wisdom Accelerator,@GetWiserFaster,2021-02-22T15:40:24.000Z,"Wisdom Accelerator for Youth (WAY): making global teens wiser faster 

Monthly free Zoom sessions: http://NeoWAY.org

http://WisdomAccelerator.org

#way #wisdom #wisdomaccelerator #neoway #getwiserfaster #teen #teenagers #GenZ #education #learning

TW, IG, FB, LI 
@GetWiserFaster",,
Wisdom Accelerator,@GetWiserFaster,2021-02-22T15:40:12.000Z,"Wisdom Accelerator for Youth (WAY): making global teens wiser faster 

Monthly free Zoom sessions: http://NeoWAY.org

http://WisdomAccelerator.org

#way #wisdom #wisdomaccelerator #neoway #getwiserfaster #teen #teenagers #GenZ #education #learning

TW, IG, FB, LI 
@GetWiserFaster",,1
Wisdom Accelerator,@GetWiserFaster,2021-02-22T15:39:15.000Z,"Wisdom Accelerator for Youth (WAY): making global teens wiser faster 

Monthly free Zoom sessions: http://NeoWAY.org

http://WisdomAccelerator.org

#way #wisdom #wisdomaccelerator #neoway #getwiserfaster #teen #teenagers #GenZ #education #learning

TW, IG, FB, LI 
@GetWiserFaster",1,6
Wisdom Accelerator,@GetWiserFaster,2021-02-22T15:38:50.000Z,"Wisdom Accelerator for Youth (WAY): making global teens wiser faster 

Monthly free Zoom sessions: http://NeoWAY.org

http://WisdomAccelerator.org

#way #wisdom #wisdomaccelerator #neoway #getwiserfaster #teen #teenagers #GenZ #education #learning

TW, IG, FB, LI 
@GetWiserFaster",,
Wisdom Accelerator,@GetWiserFaster,2021-02-22T15:38:33.000Z,"Wisdom Accelerator for Youth (WAY): making global teens wiser faster 

Monthly free Zoom sessions: http://NeoWAY.org

http://WisdomAccelerator.org

#way #wisdom #wisdomaccelerator #neoway #getwiserfaster #teen #teenagers #GenZ #education #learning

TW, IG, FB, LI 
@GetWiserFaster",,
Wisdom Accelerator,@GetWiserFaster,2021-02-22T15:38:21.000Z,"Wisdom Accelerator for Youth (WAY): making global teens wiser faster 

Monthly free Zoom sessions: http://NeoWAY.org

http://WisdomAccelerator.org

#way #wisdom #wisdomaccelerator #neoway #getwiserfaster #teen #teenagers #GenZ #education #learning

TW, IG, FB, LI 
@GetWiserFaster",,
Wisdom Accelerator,@GetWiserFaster,2021-01-26T10:58:38.000Z,"http://WisdomAccelerator.org is a free monthly online event for teenagers who wish to become wiser faster by learning from the experiences of successful professionals. Zoom links and speakers listed at http://NeoWAY.org 
@getwiserfaster
 #education #learning #teens #wisdom #neoway",,
Wisdom Accelerator,@GetWiserFaster,2021-01-26T10:58:09.000Z,"http://WisdomAccelerator.org is a free monthly online event for teenagers who wish to become wiser faster by learning from the experiences of successful professionals. Zoom links and speakers listed at http://NeoWAY.org 
@getwiserfaster
 #education #learning #teens #wisdom #neoway",,
Wisdom Accelerator,@GetWiserFaster,2021-01-26T10:57:47.000Z,"http://WisdomAccelerator.org is a free monthly online event for teenagers who wish to become wiser faster by learning from the experiences of successful professionals. Zoom links and speakers listed at http://NeoWAY.org 
@getwiserfaster
 #education #learning #teens #wisdom #neoway",,
Wisdom Accelerator,@GetWiserFaster,2021-01-26T10:57:23.000Z,"http://WisdomAccelerator.org is a free monthly online event for teenagers who wish to become wiser faster by learning from the experiences of successful professionals. Zoom links and speakers listed at http://NeoWAY.org 
@getwiserfaster
 #education #learning #teens #wisdom #neoway",,
Wisdom Accelerator,@GetWiserFaster,2021-01-26T10:57:05.000Z,"http://WisdomAccelerator.org is a free monthly online event for teenagers who wish to become wiser faster by learning from the experiences of successful professionals. Zoom links and speakers listed at http://NeoWAY.org 
@getwiserfaster
 #education #learning #teens #wisdom #neoway",,
Wisdom Accelerator,@GetWiserFaster,2021-01-26T10:56:45.000Z,"http://WisdomAccelerator.org is a free monthly online event for teenagers who wish to become wiser faster by learning from the experiences of successful professionals. Zoom links and speakers listed at http://NeoWAY.org 
@getwiserfaster
 #education #learning #teens #wisdom #neoway",,
Finep,@Finep,2021-01-11T20:00:24.000Z,"Cresce demanda por profissionais de tecnologia em outros setores, mostra estudo setorial produzido pelo Observatório da Associação Catarinense de Tecnologia (ACATE) e pela Neoway, com apoio da Finep: https://buff.ly/3nuzz4h.

#AquiTemFinep @mctic 
@acatesc
 #Neoway",,2
Wisdom Accelerator,@GetWiserFaster,2020-12-20T10:41:45.000Z,"#way #wisdom #wisdomaccelerator #neoway #wiserfaster #getwiserfaster #youth #teen #teenager #teenagers #GenZ #GenerationZ #education #learning #future

Twitter: 
@getwiserfaster
Instagram: 
@getwiserfaster
Facebook: 
@getwiserfaster
http://NeoWAY.org

http://WisdomAccelerator.org",,
Wisdom Accelerator,@GetWiserFaster,2020-12-20T10:41:36.000Z,"#way #wisdom #wisdomaccelerator #neoway #wiserfaster #getwiserfaster #youth #teen #teenager #teenagers #GenZ #GenerationZ #education #learning #future

Twitter: 
@getwiserfaster
Instagram: 
@getwiserfaster
Facebook: 
@getwiserfaster
http://NeoWAY.org

http://WisdomAccelerator.org",,
Wisdom Accelerator,@GetWiserFaster,2020-12-20T10:41:25.000Z,"#way #wisdom #wisdomaccelerator #neoway #wiserfaster #getwiserfaster #youth #teen #teenager #teenagers #GenZ #GenerationZ #education #learning #future

Twitter: 
@getwiserfaster
Instagram: 
@getwiserfaster
Facebook: 
@getwiserfaster
http://NeoWAY.org

http://WisdomAccelerator.org",,
Wisdom Accelerator,@GetWiserFaster,2020-12-20T10:41:08.000Z,"#way #wisdom #wisdomaccelerator #neoway #wiserfaster #getwiserfaster #youth #teen #teenager #teenagers #GenZ #GenerationZ #education #learning #future

Twitter: 
@getwiserfaster
Instagram: 
@getwiserfaster
Facebook: 
@getwiserfaster
http://NeoWAY.org

http://WisdomAccelerator.org",,
Wisdom Accelerator,@GetWiserFaster,2020-12-20T10:40:54.000Z,"#way #wisdom #wisdomaccelerator #neoway #wiserfaster #getwiserfaster #youth #teen #teenager #teenagers #GenZ #GenerationZ #education #learning #future

Twitter: 
@getwiserfaster
Instagram: 
@getwiserfaster
Facebook: 
@getwiserfaster
http://NeoWAY.org

http://WisdomAccelerator.org",,
Wisdom Accelerator,@GetWiserFaster,2020-12-20T10:31:54.000Z,"#way #wisdom #wisdomaccelerator #neoway #wiserfaster #getwiserfaster #youth #teen #teenager #teenagers #GenZ #GenerationZ #education #learning #future

Twitter: 
@getwiserfaster
Instagram: 
@getwiserfaster
Facebook: 
@getwiserfaster
http://NeoWAY.org

http://WisdomAccelerator.org",,
Wisdom Accelerator,@GetWiserFaster,2020-12-20T10:31:07.000Z,"#way #wisdom #wisdomaccelerator #neoway #wiserfaster #getwiserfaster #youth #teen #teenager #teenagers #GenZ #GenerationZ #education #learning #future

Twitter: 
@getwiserfaster
Instagram: 
@getwiserfaster
Facebook: 
@getwiserfaster
http://NeoWAY.org

http://WisdomAccelerator.org",,
Wisdom Accelerator,@GetWiserFaster,2020-12-20T10:30:21.000Z,"#way #wisdom #wisdomaccelerator #neoway #wiserfaster #getwiserfaster #youth #teen #teenager #teenagers #GenZ #GenerationZ #education #learning #future

Twitter: 
@getwiserfaster
Instagram: 
@getwiserfaster
Facebook: 
@getwiserfaster
http://NeoWAY.org

http://WisdomAccelerator.org",,
Wisdom Accelerator,@GetWiserFaster,2020-12-20T10:26:22.000Z,"##way #wisdom #wisdomaccelerator #neoway #wiserfaster #getwiserfaster #youth #teen #teenager #teenagers #GenZ #GenerationZ #education #learning #future

Twitter: 
@getwiserfaster
Instagram: 
@getwiserfaster
Facebook: 
@getwiserfaster
http://NeoWAY.org

http://WisdomAccelerator.org",,
Wisdom Accelerator,@GetWiserFaster,2020-12-20T10:26:02.000Z,"#way #wisdom #wisdomaccelerator #neoway #wiserfaster #getwiserfaster #youth #teen #teenager #teenagers #GenZ #GenerationZ #education #learning #future

Twitter: 
@getwiserfaster
Instagram: 
@getwiserfaster
Facebook: 
@getwiserfaster
http://NeoWAY.org

http://WisdomAccelerator.org",,
Wisdom Accelerator,@GetWiserFaster,2020-12-20T10:25:26.000Z,"#way #wisdom #wisdomaccelerator #neoway #wiserfaster #getwiserfaster #youth #teen #teenager #teenagers #GenZ #GenerationZ #education #learning #future

Twitter: 
@getwiserfaster
Instagram: 
@getwiserfaster
Facebook: 
@getwiserfaster
http://NeoWAY.org

http://WisdomAccelerator.org",,
Wisdom Accelerator,@GetWiserFaster,2020-11-27T19:16:48.000Z,"#way #wisdom #wisdomaccelerator #neoway #wiserfaster #getwiserfaster #youth #teen #teenager #teenagers #GenZ #GenerationZ #education #learning #future

Twitter: 
@getwiserfaster
Instagram: 
@getwiserfaster
Facebook: 
@getwiserfaster
http://NeoWAY.org

http://WisdomAccelerator.org",,
Wisdom Accelerator,@GetWiserFaster,2020-11-27T19:16:35.000Z,"#way #wisdom #wisdomaccelerator #neoway #wiserfaster #getwiserfaster #youth #teen #teenager #teenagers #GenZ #GenerationZ #education #learning #future

Twitter: 
@getwiserfaster
Instagram: 
@getwiserfaster
Facebook: 
@getwiserfaster
http://NeoWAY.org

http://WisdomAccelerator.org",,
Wisdom Accelerator,@GetWiserFaster,2020-11-27T19:16:24.000Z,"#way #wisdom #wisdomaccelerator #neoway #wiserfaster #getwiserfaster #youth #teen #teenager #teenagers #GenZ #GenerationZ #education #learning #future

Twitter: 
@getwiserfaster
Instagram: 
@getwiserfaster
Facebook: 
@getwiserfaster
http://NeoWAY.org

http://WisdomAccelerator.org",,
Wisdom Accelerator,@GetWiserFaster,2020-11-27T19:16:11.000Z,"#way #wisdom #wisdomaccelerator #neoway #wiserfaster #getwiserfaster #youth #teen #teenager #teenagers #GenZ #GenerationZ #education #learning #future

Twitter: 
@getwiserfaster
Instagram: 
@getwiserfaster
Facebook: 
@getwiserfaster
http://NeoWAY.org

http://WisdomAccelerator.org",,
Wisdom Accelerator,@GetWiserFaster,2020-11-27T19:16:00.000Z,"#way #wisdom #wisdomaccelerator #neoway #wiserfaster #getwiserfaster #youth #teen #teenager #teenagers #GenZ #GenerationZ #education #learning #future

Twitter: 
@getwiserfaster
Instagram: 
@getwiserfaster
Facebook: 
@getwiserfaster
http://NeoWAY.org

http://WisdomAccelerator.org",,
Neoway Technology,@neowaytech,2020-09-14T17:21:18.000Z,"Neoway's asset tracker T101-BM has recently passed the PTCRB test and gained the PTCRB certification, which will accelerate commercialization of this product in the North American market.
#Tracker #IoT #M2M #Neoway #Telematics #CatM1  
http://neoway.com/news/article/47/248…",1,1
Neoway Technology,@neowaytech,2020-08-31T06:29:55.000Z,"Neoway T101, a tracking device, can be used for goods tracking, vehicle tracking, warehouse management, and other logistics links.
Contact us: sales@neoway.com

#Trackingdevice #IoT #M2M #LBS #Wirelesscommunications #T101 #Neoway
http://neoway.com/news/article/47/244…",,1
Neoway Technology,@neowaytech,2020-08-26T17:05:24.000Z,"Neoway T101 is a low-power and low-cost tracking device that transmits information through LTE Cat-M/NB and GSM networks.

Read more: http://neoway.com/product/info/153…
Contact us: sales@neoway.com

#Tracker #Neoway #T101 #assettracking #autofinance
http://neoway.com/news/article/47/243…",,
Neoway Technology,@neowaytech,2020-08-23T16:48:26.000Z,"Neoway Cat.M1 module named N27-W3 has passed a series of tests and been certified by Global Certification Forum (GCF). 
To know more about N27-W3, visit http://neoway.com/product/info/141…
#CatM1 #NBIOT #Neoway #module #smartcity #smartmetering
http://neoway.com/news/article/47/237…",,1
Economia SC,@economiasc1,2020-08-11T20:12:29.000Z,"Setor de tecnologia em SC faturou R$ 17,7 bilhões em 2019: https://economiasc.com/2020/08/11/setor-de-tecnologia-em-sc-faturou-r-177-bilhoes-em-2019/… 

#acatetechreport #acate #tecnologia #tech #brasil #santacatarina #neoway #finep",,
Economia SC,@economiasc1,2020-08-10T19:05:48.000Z,"Acate lança nesta terça-feira nova pesquisa sobre o setor de tecnologia: https://economiasc.com/2020/08/10/acate-lanca-nesta-terca-feira-nova-pesquisa-sobre-o-setor-de-tecnologia/…

#acate #tech #tecnologia #technology #neoway #santacatarina #brasil #economia #negocios #eaonyrosselti",,
Awesome Bakar Mustafa,@mustafaawesome8,2020-08-09T16:19:21.000Z,"Replying to 
@AzamanKizzy
 @Folarinn___
 and 
@Mhiz_Aza",,1
Neoway Technology,@neowaytech,2020-08-06T14:30:51.000Z,"Neoway's LTE Cat.4 module, N75-NA, recently received certification approval from North America operators, AT&T and T-Mobile, enabling Neoway to serve the market.
To know more about N75-NA, visit 
http://neoway.com/news/article/47/236…
#ATT #Tmobile #Neoway #IoT #M2M #Cat4  #4G",,3
Neoway Technology,@neowaytech,2020-04-24T03:07:37.000Z,"On April 22th, 2020, #Neoway Technology held a product launch conference online at 2:00 p.m. (Beijing). At the launch conference, Neoway publicized its product strategy for the first time and released 
#5G module product and #cloud products.",,1
招财鱼,@TinaYu00,2020-02-26T18:51:34.000Z,"Welcome to our Booth No.3-15.
Get connected   Get smart #iotdevices #trucking #neoway #iotsolutions #fleet #tracker #iot https://lnkd.in/f5n8mEY",,
NeoDesynz,@NDesynz,2020-02-26T06:56:37.000Z,"Flyer Design  for 
@3M
Agency: 
@NDesynz
 | http://neodesynz.com

#Flyer_design  #Portfolio #Design #Branding #Creative #Agency #NeoPrint #neoway #neodigital  #Flyer_templates",,1
NeoDesynz,@NDesynz,2020-02-14T10:44:07.000Z,"We love what we do because of customers like you. Wishing you a happy Valentine’s Day - 
@NDesynz
#love #valentinesday #neodigital #neoway #valentineday  #chocolate  #gifts #heart #advertising",,1
NeoDesynz,@NDesynz,2020-02-12T08:53:04.000Z,"Abraham Lincoln was born on 12 Feb , 211 years Ago.

#Read_More: http://bit.ly/2OLA0sz

#Neodigital #Neoprint #NeoWay #abrahamlincoln  #lincoln  #motivation #history #abelincoln  #thomasjefferson  #inspiration #life",,
NeoDesynz,@NDesynz,2020-02-11T08:09:35.000Z,"Nelson Mandela, leader of the movement to end South African apartheid, was released from prison after 27 years on February 11, 1990.  

#Read_More: http://linkedin.com/feed/update/ur…

#Neodigital #Neoprint #NeoWay #mandela #southafrica #funk #africa #nelsonmandela #pretoria #johannesburg",,
NeoDesynz,@NDesynz,2020-02-07T12:54:49.000Z,"49 years ago on 7th of February, Swiss men accepted the female suffrage in their political ecosystem. Wish, they had a rose day back then.  We wish every women a very happy Rose day and all men too. Spread love in a neo-way 

 #spreadLove  #neoway #Swissmen #Women #rights #people",,1
Neoway Technology,@neowaytech,2020-01-24T17:32:01.000Z,"Neoway wish you a Happy Spring Festival！
庚子迎春，吉鼠献瑞！有方科技祝您新春快乐！
#IoT #wirelesscommunication #neoway",,
luciano A Ribeiro,@lucianoARibeiro,2019-11-23T22:46:03.000Z,"“Um negócio é simplesmente uma ideia de como melhorar as vidas de outras pessoas.”, 
@richardbranson
#experienceclub #richardbranson #virginatlantic #neoway #itau #thoughts",,
Google Cloud Brasil,@GoogleCloud_BR,2019-10-21T23:18:00.000Z,"A #Neoway, fornecedora de business intelligence, decidiu migrar seu ambiente de desenvolvimento para o @GCPcloud. O objetivo é otimizar processos internos, melhorar a qualidade e disponibilidade de seus produtos e serviços ↓ https://goo.gle/2W13zbT",,3
Neoway Technology,@neowaytech,2019-09-07T08:46:58.000Z,"#Neoway will attend #Qualcomm Smart Cities Accelerate 2019 from September 17-18, 2019 at San Diego, CA, showing Smart City solutions and #Telematics related OBD devices, Tracker, and other #EndtoEnd solutions.
Welcome to join us and find out the future of #IOT with Neoway.",2,2
Eduardo Araujo,@joeduardoaraujo,2019-09-05T14:27:34.000Z,"No meio do caminho tinha um unicórnio chamado #Neoway!
""Xadrez de como Dallagnol se tornou lobista de empresa citada na Lava Jato"", por Luis Nassif https://jornalggn.com.br/noticia/xadrez-de-como-dallagnol-se-tornou-lobista-de-empresa-citada-na-lava-jato-por-luis-nassif/… via 
@JornalGGN",1,2
Eduardo Araujo,@joeduardoaraujo,2019-07-26T13:18:32.000Z,O nome da empressa é #Neoway citada na #LavaJato desde 2016!!!,1,3
DCO - Diário Causa Operária,@DiarioDCO,2019-07-26T13:06:35.000Z,"Foi revelado pelo The Intercep que o procurador da Lava Jato, Deltan Dallagnol, recebeu R$ 33 mil de uma empresa delatada, a Neoway

#Dallagnol #FarsaJato #Neoway

https://causaoperaria.org.br/dallagnol-pago-33-mil-empresa-neoway-delata-lava-jato/…",14,17
Eduardo Araujo,@joeduardoaraujo,2019-07-26T10:21:36.000Z,"Replying to 
@bandnewstv
 and 
@BandNews",,
Eduardo Araujo,@joeduardoaraujo,2019-07-26T10:14:27.000Z,"Replying to 
@djairgalvao
 @dornelasmarcos
 and 
@folha",,7
Eduardo Araujo,@joeduardoaraujo,2019-07-26T10:12:12.000Z,Será que as soluções de análise de metadados da #Neoway ajudaran nessa tarefa?,,
Eduardo Araujo,@joeduardoaraujo,2019-07-26T10:12:00.000Z,"Replying to 
@deltanmd",,
Eduardo Araujo,@joeduardoaraujo,2019-07-26T08:11:23.000Z,#Neoway,3,3
Eduardo Araujo,@joeduardoaraujo,2019-07-26T08:10:42.000Z,"Replying to 
@folha
 and 
@GracieusaBrito",3,6
Eduardo Araujo,@joeduardoaraujo,2019-07-26T07:51:15.000Z,"#Neoway
""Deltan Dallagnol deu palestra remunerada para empresa investigada na #LavaJato"" https://interc.pt/2K3KdgP por 
@amandafaudi
, 
@demori
, 
@rafaelmmartins",1,
Dj NeoRise,@djneorise,2019-07-07T09:55:14.000Z,happy first Sunday of the month to y’all #neoway #neolevel #worldrecord #guinnesworldrecord #breaker #wethebest #wethebestmusic #music #dj #goodmusic #deejay #wedding #weddingdj #love #bellanaijaweddings… https://instagram.com/p/BznHtgWgPOL/?igshid=47ccolco5ubz…,,2
Dj NeoRise,@djneorise,2019-07-02T14:32:01.000Z,"Is not easy to win but 
do your best daily to make sure you’re winning 

Happy new month!!!
#Neoway #superdjneo #guinnesworldrecord #wethebest #wethebestmusic #music #dj #worldwide #classic #deejay #repping… https://instagram.com/p/Bzava2AgoSa/?igshid=1j7xgd1hak0mf…",,2
Dj NeoRise,@djneorise,2019-06-14T23:28:40.000Z,"In Doubt we Trust #neoway #wethebestmusic #music #dj #worldwide #wethebest #deejay #repping #goodmusic #classical #hiphop @ Ring Road, Ibadan https://instagram.com/p/BytV89NgNTp/?igshid=yfjobm54729o…",,2
Dj NeoRise,@djneorise,2019-06-09T14:56:05.000Z,Patient is when you suppose to be mad but you choose to understand... #neoway  musecraftstudios #wethebestmusic #wethebest #music #dj #guinnesworldrecord #breaker #worldwide #deejay #repping #goodmusic #classic… https://instagram.com/p/Byfj454gYZW/?igshid=15paugh1l2e8m…,,3
Wesley Watanabe,@wesleywata,2019-06-05T23:06:55.000Z,"Participando da aceleração da 
@codenationdev
 ! Data Sciene / Machine Learning na veia! #neoway #codenation #datascience #machinelearning",,1
AcontecendoAqui,@acontecendoaqui,2019-04-25T13:59:20.000Z,"LIDE SC promove primeiro almoço-debate de 2019 com CEO da Neoway, Jaime de Paula.
#AcontecendoAqui #LIDESC #almoçodebate #JaimedePaula #Neoway

http://acontecen.do/1j9y",,
Valchan,@ValchanOficial,2019-02-13T18:16:50.000Z, Passei!! #vontadedechorardefelicidade #codenation #aceleradev #aceleradevbrasil2019 #movile #loadsmart #neoway #contaazul #possible #cresolconfederacao #elevaeducação… https://instagram.com/p/Bt1Op4Xg-Bb/?utm_source=ig_twitter_share&igshid=jtst9yfunum2…,,
Prof. Cozer,@mtscozer,2019-02-12T10:22:14.000Z,#Neoway compra Sevennova por US$ 15 milhões - http://valor.com.br/empresas/6113911/neoway-compra-sevennova-por-us-15-milhoes…,,
Dj NeoRise,@djneorise,2019-02-02T18:43:25.000Z," #ondeck #dj #music #wethebest #deejay #inspired #motivated #musically #neoway #neolevel #guinnessworldrecord #dj @ Suru Lere, Lagos, Nigeria https://instagram.com/p/BtY89AMAwU8/?utm_source=ig_twitter_share&igshid=1oplsiyrbcerw…",,
Dj NeoRise,@djneorise,2019-02-01T19:29:26.000Z,"Music is a culture, don’t rush it #superdjneo #neoway #music #dj #tundeednut #wethebestmusic #deejay #musically #electro #jamz @ Lagos State https://instagram.com/p/BtWdbEVAxTf/?utm_source=ig_twitter_share&igshid=1sxku78j3pkyh…",,
Dj NeoRise,@djneorise,2019-01-11T16:17:05.000Z,TGIF on the low burnaboygram Friikii Friday cocoonprivate tonight #superdjneo #neoway #neolevel #afromusic #worldwide #dj #goodmusic #music #fire #deejay #nigeriandj #supporting #rep… https://instagram.com/p/BsgCJDUArur/?utm_source=ig_twitter_share&igshid=oa4hp9s4xciw…,,
Dj NeoRise,@djneorise,2019-01-08T10:41:19.000Z,"@iammayorkun Red handed x @peruzzi_vibes Issa vybe.... hot hot  #superdjneo #neoway #goodmusic #dj #worldwide #music #deejay #afromusic #repto #club #jamz @ Lagos, Nigeria https://instagram.com/p/BsXtZ10g_2Q/?utm_source=ig_twitter_share&igshid=1psq1s5g6jx5d…",,
Dj NeoRise,@djneorise,2019-01-02T10:32:04.000Z,"#nobadvibes We the best music DJ #superdjneo #neoway #neolevel #dj #recordbreaker #deejay #music #talent #partyvibes #nextbigthing @ Lagos, Nigeria https://instagram.com/p/BsIPrUzgiUN/?utm_source=ig_twitter_share&igshid=1os87azphj8lt…",,
Dj NeoRise,@djneorise,2019-01-01T19:10:30.000Z,mainlandblockparty supporting my brothers theplug.nation on this one. First ever in 2019.. #superdjneo #neoway #neolevel #recordbreaker #deejay #music #worldwide #dj https://instagram.com/p/BsGmFg6geYC/?utm_source=ig_twitter_share&igshid=eeummk6jmolu…,,
Dj NeoRise,@djneorise,2018-11-27T10:07:11.000Z,"Bad energy by 
@Skepta
 x 
@wizkidayo
 every fake people can always watch from the roof  @adelex07 #superdjneo #recordbreaker #neoway #neolevel #goodvibes #goodmusic #music #dj… https://instagram.com/p/BqrfgXBA099/?utm_source=ig_twitter_share&igshid=1ghh5b9ody5jy…",1,1
Dj NeoRise,@djneorise,2018-11-10T15:06:53.000Z,"Best baddest vibe cc prince_otedola #superdjneo #baddest #neoway #neolevel #wethebestmusic #dj #worldwide #deejay #recordbreaker @ Lagos, Nigeria https://instagram.com/p/BqABUduguYV/?utm_source=ig_twitter_share&igshid=ltkybfwdc55t…",,
Ricardo Longa,@ricardolonga,2018-11-08T16:39:17.000Z,"Workshop sobre Go na #Neoway no dia 24 de novembro (sábado), das 08h as 17h. Desconto de 20% com o cupom: SERVERLESS. https://goo.gl/iGx5oc  #golang #gobr18 #go #workshop",2,3
Rodrigo Jorge,@rodrigojorge,2018-10-28T10:54:50.000Z,#neoway #neolovers #gentefeliz #talentawards https://lnkd.in/evq_jJM,,
Dj NeoRise,@djneorise,2018-10-25T12:48:19.000Z,Throw back #superdjneo #music #goodmusic #neoway #neolevel #wethebestmusic #life #of #deejay #dj #worldwide https://instagram.com/p/BpWy5YuHABk/?utm_source=ig_twitter_share&igshid=dcc5wfa4i84f…,,
Rodrigo Jorge,@rodrigojorge,2018-10-24T02:15:28.000Z,gentefeliz #paixão  #talentawards #neolovers #neoway https://lnkd.in/eUnUBPY,,1
Leonardo Rochadel,@leorochadel,2018-10-19T09:15:05.000Z,"Wow! A O2OBOTS foi citada na categoria Financial Services.

#goO2OBOTS #CNSegPar #B3 #RTM #Neoway #Wow! #Darwin #StartupSC #IBM #HubSpot #goSegurobot #SCStrong",,
Saatis Design,@saatisdigital,2018-10-16T17:55:43.000Z,"Hoje estamos no Café de Negócios sobre Data Driven - Decision Making. A Transformação Digital já chegou, como está na sua empresa?

#business #bigdata #datadriven #neoway #wtcbusinessclub #wtc #marketingdigital #peformqnce #sales #sejasaatis  @ WTC Business Club São Paulo",1,
Dj NeoRise,@djneorise,2018-10-16T12:01:04.000Z,DJ #recordbreaker #neoway #neolevel #guinnessworldrecords #dj #worldwide #music #deejay #wethebestmusic https://instagram.com/p/Bo_kQN-nxJx/?utm_source=ig_twitter_share&igshid=abhyosljymez…,,
Vitor Henckel,@Vitor_Henckel,2018-10-09T16:46:05.000Z,"Mais uma previsão de que seguradoras vão utilizar robôs em vez de Corretores. É verdade?

#goO2OBOTS #SCstrong #SebraeSC #Segurobot #WoW #Darwin #CNSeg #B3 #Neoway #RTM #bots #chatbots #seguros #corretorasdeseguros #insurtech #insurance https://cqcs.com.br/tv/canal-pare-pense/mais-uma-previsao-de-que-seguradoras-vao-utilizar-robos-em-vez-de-corretores-e-verdade/…",,
Vitor Henckel,@Vitor_Henckel,2018-10-04T12:20:22.000Z,"O2OBOTS no Vale do Silício/Califórnia em 2019! 

#goO2OBOTS #SCstrong #SebraeSC #Segurobot #WoW #Darwin #CNSeg #B3 #Neoway #RTM #Saastr #bots #chatbots #seguros #corretorasdeseguros #insurtech #insurance https://lnkd.in/gypzUfq",,
Leonardo Rochadel,@leorochadel,2018-10-04T12:11:03.000Z,"A O2OBOTS está entre startups selecionadas. 

#goO2OBOTS #CNSegPar #B3 #RTM #Neoway #Wow! #Darwin #StartupSC #IBM #HubSpot #goSegurobot",,
Vitor Henckel,@Vitor_Henckel,2018-10-03T23:45:50.000Z,"O2OBOTS no Vale do Silício/Califórnia em 2019! 

#goO2OBOTS #SCstrong #SebraeSC #Segurobot #WoW #Darwin #CNSeg #B3 #Neoway #RTM #Saastr #bots #chatbots #seguros #corretorasdeseguros #insurtech #insurance http://noticenter.com.br/n.php?CATEGORIA=56&ID=20255&TITULO=oito-startups-de-sc-s-o-selecionadas-para-a-miss-o-2019-ao-vale-do-sil-cio…",,
Dj NeoRise,@djneorise,2018-09-28T09:40:29.000Z,"cocoonprivate 
@Cocoon_Lagos
 friikii Friday with the DJit #superdjneo #neolevel #neoway #music #goodvibes #goodmusic #dj #worldwide #rep #goodsound #global #deejay @ Suru Lere,… https://instagram.com/p/BoQ92upHWVB/?utm_source=ig_twitter_share&igshid=1syr603jtx7a…",,1
Revista Hosp,@Hosp_ESS,2018-09-26T12:55:37.000Z,"Neoway lança solução de Big Data Analytics para o mercado de saúde
#Neoway #BigDataAnalytics #Saúde http://revistahosp.com.br/dados/materia/Neoway-lanca-solucao-de-Big-Data-Analytics-para-o-mercado-de-saude/6278…",,
Dj NeoRise,@djneorise,2018-09-25T15:57:57.000Z,"The first time I found myself in White House djin for his excellency Mr President muhammadubuhari in 2015 alongside her majesty 
@cuppymusic
 #tbt #superdjneo #in #president #villa #neoway… https://instagram.com/p/BoJ6qlfH9Lq/?utm_source=ig_twitter_share&igshid=1qm0urlr7556b…",,
IFMA,@IFMAWORLD,2018-09-22T15:35:48.000Z,"Please welcome some of IFMA's newest members! http://bit.ly/2NwAaFu #Armada 
@ArrowStream1
 #LouisaFoods #Neoway #RevelryGroup #foodservice",,1
Fabio Bottacci | #5 Global #IIoT #Influencer,@fabot70,2018-09-19T13:04:01.000Z,"A empresa de #Tecnologia e #Análise de #Dados #Neoway começou a selecionar #Bancos e se preparar para uma #Oferta de #Ações em 2019.

O 
@valoreconomico
 apurou que a companhia iniciou conversas com #MorganStanley, #GoldmanSachs e #BrasilPlural.

http://lnkd.in/dAMWdd3",2,2
Fabio Bottacci | #5 Global #IIoT #Influencer,@fabot70,2018-09-19T11:10:39.000Z,"@VINCI_Digital
 #Industrial #IoT #IIoT #AI #ML #Digital #Disruption #4IR - #SaaS #BI #Data #Analytics #Market #Intelligence #Prospection | #Neoway Gets Ready For #Double #Listing On #Nasdaq And #B3 / #Neoway Prepara #IPO Com Dupla #Listagem Na #Nasdaq E #B…https://lnkd.in/dAMWdd3",3,3
Dj NeoRise,@djneorise,2018-07-17T11:55:36.000Z,"Big shoutout to 
@jessicaulo
 for hosting me tonight we litand music #superdjneo #djneoworldrecord #djneogwr #guinnessworldrecords #neoway #neolevel #wethebestmusic #music #dj… https://instagram.com/p/BlVPSVdHtl6/?utm_source=ig_twitter_share&igshid=170557yj50dqp…",,
Dj NeoRise,@djneorise,2018-07-15T18:28:35.000Z,Don’t let the good side attractions divide your focus... always remember to stay focus. Finale of budweiser budwieserng France vs Croatia #superdjneo #djneoworldrecord #djneogwr #neoway… https://instagram.com/p/BlQyrQTn-El/?utm_source=ig_twitter_share&igshid=jzd29wc29rj8…,,
Dj NeoRise,@djneorise,2018-07-04T20:43:56.000Z,"Patient is talent, ain’t rushing the calling. #superdjneo #guinnessworldrecords #recordbreaker #neoway #neolevel #worldwide #music #dj #of #the #year #pepsi #global #nickiminaj #beyonce… https://instagram.com/p/Bk0tawxnqZ5/?utm_source=ig_twitter_share&igshid=1jtkptfbfjtov…",,2
Iyere Ikhide,@IyereIkhide,2018-07-03T17:33:53.000Z,"Thanks to Naija FM (102.7) OAPs, OTB @otbnaijafm @Otbnaijafm and Osam 
@osamntsc
 for hosting us @Superdjneo, and to my brother 
@Iamhenrotion
 for making it happen #Neolevel #Neoway… https://instagram.com/p/Bkxy3u9Fenu/?utm_source=ig_twitter_share&igshid=1myzq2mtzh5ke…",1,
Dj NeoRise,@djneorise,2018-07-03T07:37:58.000Z,Thanks to everyone supporting #superdjneo #djneoworldrecord #djneogwr #neoway #neolevel #recordbreaker #nextbigthing #cartier #nickiminaj #beyonce… https://instagram.com/p/BkwurbbHbvE/?utm_source=ig_twitter_share&igshid=13vq1o0b1smlm…,,1
Dj NeoRise,@djneorise,2018-07-01T08:01:59.000Z,"Big thanks to our very own sponsor madam 
@orikigroup
 for the massive support... God bless you ma’am and at everyone at oriki spa #superdjneo #recordbreaker #guinnessworldrecords #neoway… https://instagram.com/p/BkrnmW6HCBi/?utm_source=ig_twitter_share&igshid=1jom50f0zyn24…",,
Dj NeoRise,@djneorise,2018-07-01T07:33:59.000Z,"Thanks to my brother 
@DjRo_me
 for coming thruuuu for me, God bless G #superdjneo #recordbreaker #guinnessworldrecords #neoway #neolevel #bellanaijaonline @ 355 Restaurant and Lounge https://instagram.com/p/BkrkTt2HJQh/?utm_source=ig_twitter_share&igshid=19dhcc3lio3wj…",1,1
Dj NeoRise,@djneorise,2018-07-01T07:30:15.000Z,"Thanks to my very own boss 
@Cocoon_Lagos
 for coming thruuuu, God bless  #superdjneo #recordbreaker #djneoworldrecord #djneogwr #neoway #neolevel #bellanaijaonline #cartier @ 355… https://instagram.com/p/BkrjxwdHELO/?utm_source=ig_twitter_share&igshid=1ozdkunha7por…",,
Dj NeoRise,@djneorise,2018-07-01T07:22:31.000Z,"@dj_anonymouss
 thanks for coming thraaaaaaa #superdjneo #recordbreaker #guinnessworldrecords #neoway #neolevel #bellanaijaonline #instablog @ 355 Restaurant and Lounge https://instagram.com/p/BkrjJtInaRD/?utm_source=ig_twitter_share&igshid=16cuzm4qj0qhl…",1,
Dj NeoRise,@djneorise,2018-07-01T07:10:58.000Z,"My most loved sis nnenna_i good hearted youqueen, thanks for coming thruuuu #superdjneo #recordbreaker #djneoworldrecord #djneogwr #guinnessworldrecords #neoway #neolevel… https://instagram.com/p/Bkrhsc2HHU7/?utm_source=ig_twitter_share&igshid=wdtxl1jhumom…",,
Dj NeoRise,@djneorise,2018-07-01T07:05:16.000Z,"Thanks to my great friend 
@eseamros
 for the massive support #djneoworldrecord #guinnessworldrecords #superdjneo #recordbreaker #neoway #neolevel @ 355 Restaurant and Lounge https://instagram.com/p/BkrhKoLnG2G/?utm_source=ig_twitter_share&igshid=1sxy5cjz61gry…",,1
Dj NeoRise,@djneorise,2018-07-01T07:02:33.000Z,Dr Babatunde Fowler Junior came thruuuu noigfemi God bless you bro for the support #guinnessworldrecords #superdjneo #recordbreaker #djneoworldrecord #neoway #neolevel… https://instagram.com/p/BkrgnyAHZms/?utm_source=ig_twitter_share&igshid=1fcu61v6lgulg…,,
Dj NeoRise,@djneorise,2018-07-01T06:43:43.000Z,"Thanks to 
@TobiDjSparrow
 boss of life for coming thruuuu,  #guinnessworldrecords #djneoworldrecord #recordbreaker #recordsetter #neoway #neolevel #djneogwr @ 355 Restaurant and… https://instagram.com/p/BkrevipHMGM/?utm_source=ig_twitter_share&igshid=1csk1mse4hq2k…",,
Dj NeoRise,@djneorise,2018-07-01T06:41:43.000Z,"Thanks for your  @naktacus 
@myster_24
  #guinnessworldrecords #djneoworldrecord #djneogwr #neoway #neolevel @ 355 Restaurant and Lounge https://instagram.com/p/BkrefYSnF99/?utm_source=ig_twitter_share&igshid=yt6a7anz9hpb…",,
Dj NeoRise,@djneorise,2018-06-30T19:24:04.000Z,My Bigbro dayjeea came through to cheer me up.... thanks boss for coming traaa guinnessworldrecords #djneoworldrecord #guinnessworldrecords #neolevel #neoway #music #nonstop #14days… https://instagram.com/p/BkqQm1JnPkF/?utm_source=ig_twitter_share&igshid=pnswugcmxwkb…,,
Dj NeoRise,@djneorise,2018-06-30T15:17:45.000Z,My superb sis elizabeth_elohor came through to give me that dance step #guinnessworldrecords #djneoworldrecord #djneogwr #neoway #neolevel #supereagles #nextbigthing #global @ 355… https://instagram.com/p/Bkp0SjMnJuI/?utm_source=ig_twitter_share&igshid=18h9vwoyz6ya3…,,1
Dj NeoRise,@djneorise,2018-06-30T13:27:01.000Z,Day 13th still counting and My superb sis elizabeth_elohor came thru and the  dance step no be here... thanks sis #djneoworldrecord #superdjneo #neoway #neolevel #djneogwr… https://instagram.com/p/BkpnyGYHkv3/?utm_source=ig_twitter_share&igshid=e9j4ahmoz617…,,1
Dj NeoRise,@djneorise,2018-06-29T16:25:49.000Z,"One of our sponsors came thru to check on my health, I told em I can go more 15day and his like  #djneoworldrecord #guinnessworldrecords #djneogwr #ready #neoway… https://instagram.com/p/BknXiF_ntse/?utm_source=ig_twitter_share&igshid=y08np9562jf5…",,1
Dj NeoRise,@djneorise,2018-06-29T14:30:19.000Z,12 days counting of 288 hour and Baba @DjCaise came show me support... God bless the real #dj supporting others #djneoworldrecord #neoway #neolevel #superdjneo #guinnessworldrecords… https://instagram.com/p/BknJ5Akn-fn/?utm_source=ig_twitter_share&igshid=xapk9v5qy972…,2,2
Dj NeoRise,@djneorise,2018-06-29T11:32:04.000Z,Today make it 12days 288 hours and 2 more day to make for Dj Neo to set 336 hours guinnessworldrecords... to everyone supporting  #djneoworldrecord #djneogwr #neoway #neolevel… https://instagram.com/p/Bkm1S4Znenp/?utm_source=ig_twitter_share&igshid=bmhggfhaksf4…,,
Dj NeoRise,@djneorise,2018-06-28T22:59:17.000Z,It’s day 12 and see who I have in the building ljsonline sweetest sis of live. #guinnessworldrecords #djneoworldrecord #djneogwr #neoway #neolevel #nickiminaj #bellanaijaonline #beyonce… https://instagram.com/p/BklfwEYj6r-/?utm_source=ig_twitter_share&igshid=17xx7gddowgez…,1,
Dj NeoRise,@djneorise,2018-06-28T12:42:50.000Z,"Them men came thru in white 
@shogggy
 and olu. Best brooos ever #djneoworldrecord #djneogwr #neoway #neolevel #guinnessworldrecords #music #dj #nonstop #nickiminaj #beyonce #cartier… https://instagram.com/p/BkkZJVOjrFQ/?utm_source=ig_twitter_share&igshid=1gt8l9veztmdp…",4,4
Dj NeoRise,@djneorise,2018-06-28T09:53:03.000Z,"@bizzleosikoya
 came thru and you know as a man of ginger, day 11 counting down to 288 hours before I hit 336 hours...  #djneoworldrecord #neolevel #neoway #guinnessworldrecords #music… https://instagram.com/p/BkkFu9vD17I/?utm_source=ig_twitter_share&igshid=1m0xzd1js327y…",,1
Dj NeoRise,@djneorise,2018-06-27T23:43:17.000Z,Look at how we dance into day 11so grateful to God for #superdjneo #djneoworldrecord #djneogwr #neoway #neolevel #bbcnews #nickiminaj #beyonce #tiwasavage #djkhaled #calvinharris… https://instagram.com/p/Bki_Z9mFZ9n/?utm_source=ig_twitter_share&igshid=14zxjpclfd1eg…,,
Dj NeoRise,@djneorise,2018-06-27T18:34:32.000Z,"Too much love for the attempt 
@dblinda
 how can I caption her sis  #neoway #music #neolevel #djneogwr #djneoworldrecord @ 355 Restaurant and Lounge https://instagram.com/p/Bkic1STDStR/?utm_source=ig_twitter_share&igshid=fzatu2c2o2a1…",,
Dj NeoRise,@djneorise,2018-06-27T17:11:37.000Z,"One of my biggest bro 
@peju_a
 Mr gbo gbo anyhow legbegbe.... came thru to teach me some shoko new legbegbe, guinnessworldrecords thanks brooo #music #neoway #neolevel… https://instagram.com/p/BkiTQi1j6Z1/?utm_source=ig_twitter_share&igshid=1p67quhukq21g…",,
Dj NeoRise,@djneorise,2018-06-27T16:30:25.000Z,"@deejayhazan
 came thru for me on this attempt o, I too like this my egbon #neoway #djneogwr #neolevel #guinnessworldrecords #music #djneoworldrecord @ 355 Restaurant and Lounge https://instagram.com/p/BkiOkyTjvar/?utm_source=ig_twitter_share&igshid=1afj2xlcvvmuc…",,
Dj NeoRise,@djneorise,2018-06-27T16:26:56.000Z,"Sis AJ came thru to check on me #djneogwr #neoway #neolevel #nextbigthing 
@aj_agaba
 #guinnessworldrecords @ 355 Restaurant and Lounge https://instagram.com/p/BkiOQsZj60v/?utm_source=ig_twitter_share&igshid=lir10rz5n3ne…",,
Ahaji XXL,@ucheXXL,2018-06-25T09:27:33.000Z,"THERE'S NO STOPPING NOW!
@SuperDjneo is on the 8th day djing beating the existing record by
Norbert selmaj, A.k.a (Dj Noberto Loco) Guiness World Record for the longest marathon
#DjNeoGWR
#Neoway 
#Neolevel
#guinnessworldrecords
Cc 
@BBCWorld
 @BBCBreaking
 @CNN
 @PulseNigeria247",1,1
Ahaji XXL,@ucheXXL,2018-06-25T09:19:01.000Z,"THERE'S NO STOPPING NOW!
@SuperDjneo is on the 8th day djing beating the existing record by
Norbert selmaj, A.k.a  (Dj Noberto Loco) Guiness World Record for the longest marathon
#DjNeoGWR
#Neoway 
#Neolevel
#guinnessworldrecords
Cc 
@BBCWorld
 @BBCBreaking
 @CNN
 @PulseNigeria247",,1
Ahaji XXL,@ucheXXL,2018-06-22T10:52:46.000Z,"@cuppymusic
 blessed us early on a Friday morning. We love Dj cuppy.

Thanks for the support
@SuperDjneo to the world!
#neolevel 
#neoway 
#djneoGWR",1,
Ahaji XXL,@ucheXXL,2018-06-22T10:45:57.000Z,"Day 5!!!
God is able. NEO to the world 

#neolevel
#neoway
#djneoGWR",,
Ahaji XXL,@ucheXXL,2018-06-21T15:36:09.000Z,"Support our hashtags 
#neoway
 #neolevel 
#djneoGWR 

Just a RT would go a long way.",,1
Ahaji XXL,@ucheXXL,2018-06-21T15:21:58.000Z,"24hrs nonstop music on going...
@355Restaurant
 n lounge v.i

As dj neo takes on the guiness world record challenge 
#neoway 
#neolevel 
#djneoGWR",,1
Ahaji XXL,@ucheXXL,2018-06-21T15:17:48.000Z,"@generaldjindo
 came through to support the movement.
Day 4. GWR attempt by @SuperDjneo
Happening now!.
Venue: 
@355Restaurant
 n lounge v.i

#neoway 
#neolevel 
#djneoGWR",1,1
Ahaji XXL,@ucheXXL,2018-06-21T15:05:07.000Z,"Turn up with dj neo this weekend. The Guinness world records is still. Vibes all weekend.
Venue: 
@355Restaurant
 lounge v.i

#neolevel 
#neoway 
#djneoGWR",,
Vitor Henckel,@Vitor_Henckel,2018-06-21T12:53:51.000Z,"O CQCS trouxe uma matéria sobre o O2OBOTS que criou uma máquina que faz uso da inteligência artificial para vender seguros.

#goO2OBOTS #CNSegPar #B3 #RTM #Neoway #Wow... https://cqcs.com.br/noticia/existem-ferramentas-para-levar-o-corretor-para-o-mundo-digital/…",,
Ahaji XXL,@ucheXXL,2018-06-20T22:34:43.000Z,"The music is still alive. As we count down the days. More and more recognition. 
@Chukie_lynxxx
 came thru to support. God bless you!.
#neolevel 
#neoway 
#djneoGWR 
Cc @IamMayorKun 
@thepamilerin
 @PulseNigeria247
 @HipTv
 @DJSPINALL
 @DJ_TUNEZ
 @deejayneptune
 @ejayblackmagic",3,3
Vitor Henckel,@Vitor_Henckel,2018-06-13T13:08:27.000Z,"A O2OBOTS desenvolveu uma solução para que as pequenas Corretoras de Seguros tenham acesso aos benefícios do uso da inteligência artificial.


#goO2OBOTS #CNSegPar #B3 #RTM #Neoway #Wow #Darwin #StartupSC #SCstrong #IBM #goSe…https://lnkd.in/eG_kjBz https://lnkd.in/es7Ev4C",,1
Vitor Henckel,@Vitor_Henckel,2018-06-12T13:05:17.000Z,"“Estamos fortalecendo os corretores de seguros com o uso de tecnologias e metodologias mais ágeis”. 


#goO2OBOTS #CNSegPar #B3 #RTM #Neoway #Wow #Darwin #StartupSC #SCstrong #IBM #goSegurobot https://facebook.com/vitorhenckel/posts/1804400342940314…",,1
Vitor Henckel,@Vitor_Henckel,2018-06-08T14:44:00.000Z,"O2OBOTS participará do maior encontro de inovação em Seguros da América Latina! 
#goO2OBOTS #CNSegPar #B3 #RTM #Neoway #Wow! #Darwin #StartupSC #IBM #goSegurobot https://lnkd.in/gYdThRh",,
Vitor Henckel,@Vitor_Henckel,2018-06-08T14:42:32.000Z,#goO2OBOTS #CNSegPar #B3 #RTM #Neoway #Wow! #Darwin #StartupSC #IBM #goSegurobot https://facebook.com/vitorhenckel/posts/1799966943383654…,,
3mbedded,@ayz3mbedded,2018-05-25T18:06:28.000Z,"Replying to 
@RichRogers_",,
Gustavo Kuerten,@gugakuerten,2018-05-24T20:53:47.000Z,"Visita ao nosso parceiro Neoway!! #Top
#Business #Neoway #GugaKuerten #GustavoKuerten",1,68
Vitor Henckel,@Vitor_Henckel,2018-05-22T20:08:49.000Z,#goO2Obots #Wow #Darwin #CNSegPar #B3 #Neoway #RTM #IBM #StartupSC #SCstrong  ,,
Vitor Henckel,@Vitor_Henckel,2018-05-21T21:09:10.000Z,#goO2Obots #CNSegPar #B3 #RTM #Neoway #Wow #Darwin #StartupSC #IBM #goSegurobot https://facebook.com/vitorhenckel/posts/1781326548581027…,,
Ricardo Longa,@ricardolonga,2018-05-11T18:06:52.000Z,"Pessoal de #Floripa e região, se liga nessa dica: a #Neoway está lançando um #workshop sobre #Go para a comunidade. Vagas limitadas! #golang https://sympla.com.br/workshop-sobre-go-do-basico-ao-avancado-em-oito-horas__279610…",8,18
@CEOTeeproEntertainment,@CEOTeeproEntertainment,2018-05-08T08:52:47.000Z,"#neoway
#neolevel
 @SuperDjneo",,
AcontecendoAqui,@acontecendoaqui,2018-05-03T19:55:18.000Z,"Gustavo Kuerten estreia campanha para a Neoway #AcontecendoAqui #neoway #gustavokuerten #guga #campanha #publicidade 

http://acontecen.do/1g62",,
Dj NeoRise,@djneorise,2018-04-27T19:51:02.000Z,"Dj Neo to the Next big thing...  
@kunlehaastrup
 and styled by 
@ShittaP
 #superdjneo #neoway… https://instagram.com/p/BiFhTn0nJLn/",,
Dj NeoRise,@djneorise,2018-04-22T16:00:33.000Z,"@GWR
 date and venue coming out soon... Dj Neo to the world #neoway #neolevel",,
Ahaji XXL,@ucheXXL,2018-04-11T19:13:57.000Z,"288hrs
12days
one man
@SuperDjneo
#neolevel
#neoway
#djneoGWR",,
Ahaji XXL,@ucheXXL,2018-04-11T19:12:45.000Z,"Dj neo sets to break Guinness world record!!!

 https://lindaikejisblog.com/2018/4/dj-neo-to-break-guinesss-world-record.html…
@DJSPINALL
 @DJ_TUNEZ
 @djjimmyjatt
 @DJECOOL
 @OgaBally
 @deejayneptune
 @PulseNigeria247
 @cuppymusic
@OsaGz
 @KraksTV
 @Soundcity985FM
 @HipTv
 @TRACENaija
#BBNaija
#neoway
#djneoGWR",,
Ahaji XXL,@ucheXXL,2018-04-11T19:10:34.000Z,"something big is about to hit the djing industry as @SuperDjneo
set to attempt the world records for longest dj marathon 
#neolevel
#neoway
 #djneoGWR",,
AcontecendoAqui,@acontecendoaqui,2018-04-11T15:23:22.000Z,"Gustavo Kuerten é escolhido embaixador da Neoway para representar a empresa no mercado #AcontecendoAqui #gustavokuerten #gugakuerten #neoway #empresa #embaixador

http://acontecen.do/1fy0",,
Dj NeoRise,@djneorise,2018-04-11T14:39:22.000Z,Happy birthday to me.... year of accomplishment #superdjneo #neoway #neolevel @ Ilashe Luxury… https://instagram.com/p/Bhbw6jOH6BR/,,
Ahaji XXL,@ucheXXL,2018-04-11T13:47:37.000Z,"djneo on a mission  
@sir_kenayo
#neoway
#neolevel
#djneoGWR",2,1
Ahaji XXL,@ucheXXL,2018-04-11T12:59:32.000Z,dj neo sets to break longest djing marathon #neolevel #neoway #djneoGWR,2,1
Dora,@doris_aquino,2018-04-09T19:09:04.000Z,Beautiful people  #neoway #convivencia @ Mariápolis https://instagram.com/p/BhXGDUiAOw20GtiA16hSCnQGu5FpzQoyiz4Ji40/…,,
Dj NeoRise,@djneorise,2018-04-08T09:27:23.000Z, #superdjneo #neoway #neolevel #greatness #worldwide #music #dj #thinkglobal… https://instagram.com/p/BhTe1aGHW6i/,,
"Brazilian-American Chamber of Commerce, Inc",@brazilcham,2018-03-29T22:38:54.000Z,"“The US is very receptive of technology from other countries” Marcel Arins 
@prideglobal
 #neoway #tech #startups",1,
"Brazilian-American Chamber of Commerce, Inc",@brazilcham,2018-03-29T22:37:55.000Z,“If you want to be a global player you need to be in the US” Marcel Arins #Neoway #Braziluscham #tech #startups,,
Dj NeoRise,@djneorise,2018-03-28T13:41:18.000Z,Life is smoke.... be humble #superdjneo #neoway #neolevel #music #hype #dj #worldwide #smoke… https://instagram.com/p/Bg3nJwwn3hg/,1,
Vitor Henckel,@Vitor_Henckel,2018-03-27T23:57:18.000Z,"A O2Obots foi escolhida para a oitava turma do programa de capacitação Startup SC. O programa é equity-free e a O2OBOTS participará do programa em Florianópolis.

#goO2OBOTS #CNSegPar #B3 #RTM #Neoway #Wow! #Darwin #IBM #goSegurobot https://lnkd.in/e_XZdmN",,
Vitor Henckel,@Vitor_Henckel,2018-03-27T23:17:33.000Z, Estamos dentro! Valeu #O2Obots #Darwin #Wow #Neoway #B3 #RTM #CNseg #PEGN https://revistapegn.globo.com/Startups/noticia/2018/03/programa-de-capacitacao-startup-sc-divulga-empreendedores-selecionados.html…,,
Vitor Henckel,@Vitor_Henckel,2018-03-27T22:22:40.000Z,"  
A O2OBOTS foi escolhida para a oitava turma do programa de capacitação Startup SC. O programa é equity-free e a O2OBOTS participará do programa em Florianópolis.

#goO2OBOTS #CNSegPar #B3 #RTM #Neoway #Wow!... https://facebook.com/vitorhenckel/posts/1725920127455003…",,
Jaison A. Franzen,@jaisonfranzenSC,2018-03-09T12:24:24.000Z,Aprendendo com quem sabe!#conteudo #networking #neoway #ddb2018 @… https://instagram.com/p/BgGjQDonqSzWXE_rjUifwNcxSybsq1IiqqCJAw0/…,,
Mauro Belo Schneider,@belomauro,2018-03-09T11:37:17.000Z,"Como trabalhar com um visual desses? #jornalismo #presstrip #neoway @ Praia dos Ingleses,… https://instagram.com/p/BgGd2-1AlSw/",,1
Dj NeoRise,@djneorise,2018-02-19T17:20:27.000Z,Winning is all about risking.... #superdjneo #nextbigthing #neoway #neolevel #2018 #revolution… https://instagram.com/p/BfYu0m1HtWR/,,
Dj NeoRise,@djneorise,2018-02-10T16:14:38.000Z,Am nothing but something special in the future. What is that? #superdjneo #nextbigthing #neoway… https://instagram.com/p/BfBcHrnHZMk/,,
Aldo Rocha,@profaldorocha,2018-02-01T16:39:04.000Z,"Faça da informação o diferencial estratégico de sua organização no relacionamento com seus clientes e na busca por eles.

#Neoway  https://lnkd.in/gJKM6Wq",,
Dj NeoRise,@djneorise,2018-02-01T11:49:13.000Z,"I am unique, I am special, I am me. Be yourself. #superdjneo #nextbigthing #neolevel #neoway… https://instagram.com/p/BepymxbnvXU/",,
Dj NeoRise,@djneorise,2018-01-28T10:19:13.000Z,The best way to make your dreams come true is to wake up. #superdjneo #nextbigthing #neoway… https://instagram.com/p/BefVIYLHBqf/,,
AcontecendoAqui,@acontecendoaqui,2018-01-19T18:23:58.000Z,"Debate com CEOs da Neoway e da Yungas sobre tecnologia, inovação e empreendedorismo é a primeira atividade do ano do LIDE SC #AcontecendoAqui http://acontecen.do/1f4o #debate #neoway #yungas #tecnologia #inovacao #empreendedorismo #lide #lidesc",1,1
Nelson Simões Junior,@nelsonsimoesjr,2018-01-14T11:00:45.000Z,#neoway https://lnkd.in/eTp_8bR,,
Dj NeoRise,@djneorise,2017-12-31T10:46:10.000Z,Pay the Prize to win the prize... move for 2018... #superdjneo #nextbigthing #neoway… https://instagram.com/p/BdXR8p5HQN3/,,
Dj NeoRise,@djneorise,2017-12-28T20:17:12.000Z,Pay the Prize to Win the prize... #superdjneo #GoodVibes #neoway #neolevel #nexbigthing #hiptv #souncity #mtvbase,,
Dj NeoRise,@djneorise,2017-12-24T14:31:02.000Z,Part 2 from the TBT saint savior college.... #superdjneo #wethebestmusic #neoway #neolevel @… https://instagram.com/p/BdFozWeHLph/,,
Neoway NLP,@NeowayNLP,2017-07-11T05:17:16.000Z,"#Bengaluru #Transformation #NLPPractitioner #Discover #Workshop #Inspiring 
event here :) http://tinyurl.com/z8opg3t  #Neoway #NLP Pls RT",,
KakáRothbarthDePaula,@kkDNAzul_AvaiFC,2017-07-04T18:21:22.000Z,"#Neoway no Estadão. Entenda como pensa o nosso CTO em relação à aquisição de talentos, desmistificando práticas comuns.",,
Conserva Livre,@conserva_livre,2017-06-27T12:05:35.000Z,"Usando a tecnologia de big data e os web-crawlers da #Neoway, tudo isso fica muito mais fácil. https://lnkd.in/eFPisy5",,
IT Services News,@_it_services,2017-06-24T08:40:50.000Z,#Neoway Gestão em Agronegócio: como os dados podem se transformar em inteligência. Read Blog: http://owler.us/acVdlK,,
IT Services News,@_it_services,2017-06-24T08:40:12.000Z,#Neoway Quarta revolução industrial: como a tecnologia está mudando as empresas - e o mundo. Read Blog: http://owler.us/acVdlH,,
IT Services News,@_it_services,2017-06-24T08:39:35.000Z,#Neoway Tecnologia para negócios: a visão da Foresee sobre conectividade e dados. Read Blog: http://owler.us/acVdlL,,
IT Services News,@_it_services,2017-06-24T08:38:58.000Z,#Neoway Case de sucesso: como a Portobello utilizou a inteligência de dados para aumentar s... Read Blog: http://owler.us/acVdlG,,
IT Services News,@_it_services,2017-06-24T08:38:18.000Z,"#Neoway Como o Santander mudou sua estratégia de mercado, atingindo mais de 23% de aumento ... Read Blog: http://owler.us/acVdlI",,
StartSe,@startseoficial,2017-06-23T20:53:31.000Z,Neoway recebe aporte de US$ 45 milhões para expandir para os EUA https://goo.gl/4eCFVp #investimento #neoway #startups,2,1
Mr. Dotta,@mr_dotta,2017-06-23T17:24:09.000Z,Brazil-based #Neoway raises $45 million to bring its sales analytics to the U.S. https://venturebeat.com/2017/06/23/brazil-based-neoway-raises-45-million-to-bring-its-sales-analytics-to-the-u-s/…,,
IT Services News,@_it_services,2017-06-23T17:22:06.000Z,Brazil-based #Neoway raises $45 million to bring its sales analytics to the U.S. Read more: http://owler.us/acU5xr,,
"Brazilian-American Chamber of Commerce, Inc",@brazilcham,2017-06-23T15:30:32.000Z,"#Brazil-based #Neoway raises $45 million to bring its #sales analytics to the U.S. https://goo.gl/AXWYfe via 
@VentureBeat
 #BrazilCham",,
KakáRothbarthDePaula,@kkDNAzul_AvaiFC,2017-06-08T19:46:31.000Z,A Neoway está novamente em 1º Lugar nas melhores empresas para se trabalhar do renomado Love Mondays Brasil! #Neoway,,
Ricardo Longa,@ricardolonga,2017-05-08T03:06:11.000Z,"#TheDevConf #tdc2017 #gopher #golang #go #neoway 
@neoway_nw",,8
Luciano Borguetti,@lborguetti,2017-05-06T10:19:08.000Z,Participação da #Neoway no #TheDevConf Coordenadores das trilhas #datascience #machinelearning #devops #cloud #android e #arquitetura,2,9
Ricardo Longa,@ricardolonga,2017-04-24T12:54:17.000Z,"@neoway_nw
 #neoway #qconsp @ Centro de Eventos PRO MAGNO https://instagram.com/p/BTRNGBpAaGZRJ4qfK5JBgpW2-53sJxJPsoXGYQ0/…",,
Ricardo Longa,@ricardolonga,2017-04-24T12:48:47.000Z,#qconsp #neoway @ Centro de Eventos PRO MAGNO https://instagram.com/p/BTRMd9YgY1SjiiHyQiu_bBc0K1xekuwlqsRDU80/…,,2
Ricardo Longa,@ricardolonga,2017-04-24T08:36:55.000Z,"#qconsp, aí vamos nós! #neoway https://instagram.com/p/BTQvpF5AGkm5M5ERk7u7k-EKReqKQe_UTfWG4A0/…",,1
Ricardo Longa,@ricardolonga,2017-04-22T12:51:25.000Z,Me sentindo orgulhoso pela nova palestra montada. #arquitetura #neoway https://instagram.com/p/BTMDLWPAU93h6ISAa2ps_AMyBILWGLmuaPpvo00/…,,
Neoway NLP,@NeowayNLP,2017-04-13T07:24:47.000Z,"#kids #summer #workshop #discover #grow #empower #excellence #joy 
#Bengaluru #Neoway #NLP event here :) http://tinyurl.com/lqu6d4b Pls RT",,
Neoway NLP,@NeowayNLP,2017-04-13T07:01:18.000Z,#Awareness #Transformation #Practitioner #Discover #Workshop #Inspiring event here :) http://neowayacademy.com    #Neoway #NLProc #NLP Pls RT,,
Ricardo Longa,@ricardolonga,2017-03-10T21:26:00.000Z,"Paula Bellizia, presidente da Microsoft Brasil. #ddb #neoway… https://instagram.com/p/BReP4izAaSTkqLXxyM6tvSSl_Ss6M2IwaNPjwM0/…",,
Ricardo Longa,@ricardolonga,2017-03-10T21:23:30.000Z,Data Driven Brasil! #ddb #neoway @ Resort Costão do Santinho https://instagram.com/p/BRePmaZgLT_XVMtjltitqjGZoD10cwmELHjeag0/…,,
Ricardo Longa,@ricardolonga,2017-03-09T11:45:43.000Z,"Contando os minutos. #ddb #neoway 
@neoway_nw
 #data_driven_brasil",,1
Ricardo Longa,@ricardolonga,2017-03-05T19:07:15.000Z,Equipe Atari codando a todo vapor...! #neoway #hackathon… https://instagram.com/p/BRRICGSgqSBkyPw1TsnStdVHNk4AZYP0pg4GZI0/…,,
Ricardo Longa,@ricardolonga,2017-03-04T20:24:48.000Z,"#hackathon #neoway, três dias arquitetando projetos/negócios.  @… https://instagram.com/p/BROsHKGAP2I6Ad2t8NNsN8_y2o-4HurUdSLhdA0/…",,1
KakáRothbarthDePaula,@kkDNAzul_AvaiFC,2017-01-16T23:12:36.000Z,"A sexta colocada #neoway é manezinha, mô quiridu!",,1
Ricardo Longa,@ricardolonga,2016-12-15T14:22:10.000Z,#neoway #party @ Praia Brava - Floripa https://instagram.com/p/BOCn0IeAOs0c6iXrw6md2aANcVotkCR9uDsACI0/…,,1
We Are Yoga,@1WeAreYoga,2016-12-11T18:44:00.000Z,"RepostBy henrywins: 
""Trying out a new posture (#valgulasana) on a new yoga mat (#neoWAY from… https://instagram.com/p/BN4ymInBvWm/",,
Ricardo Longa,@ricardolonga,2016-11-05T12:01:54.000Z,"Feliz em ver a 
@gopherconbrasil
 acontecendo. Obrigado aos patrocinadores, em especial a #Neoway (
@neoway_nw
) por estar junto desde o início.",1,2
scarcelle,@scarcelle,2016-10-12T10:18:42.000Z,#Bengaluru #Transformation #Practitioner #Brilliant #Workshop #Inspiring event here :) http://meetu.ps/310K9z #Neoway #NLProc #NLP Pls RT,3,4
Lahana,@lahaniinha,2016-10-07T02:07:31.000Z,"2 Aninhos de muito aprendizado, networking, oportunidades e momentos maravilhosos nessa empresa foda! #neoway <3 http://fb.me/2p2D1VdQS",,
Mi,@mi_frasson,2016-08-24T02:10:50.000Z,Muito orgulho de fazer part da terceira melhor empresa para se trabalhar! #NeoWay #TamoJunto  #thanks,,
Ricardo Longa,@ricardolonga,2016-08-05T22:01:18.000Z,Olha só essa guerra entre andares da #Neoway... Irado! #nerf @ Neoway https://instagram.com/p/BIvjaRhAnAupGb-DqWYNWUkmAz46x2MFM6NRXU0/…,,
Ricardo Longa,@ricardolonga,2016-07-09T20:01:55.000Z,Kamila e Matheus apresentando a arquitetura da #Neoway com #Go.… https://instagram.com/p/BHp0TfIAxNWsRzu0eC368cFEAbSYSLio9HgYV80/…,1,2
Gabriel Passig,@gabrielpassig,2016-06-25T20:25:54.000Z,Aguento até no fim de semana! #GoGPTW #Neoway #greatplacetowork @ Neoway https://instagram.com/p/BHFz6rPhhze/,,1
KakáRothbarthDePaula,@kkDNAzul_AvaiFC,2016-06-25T16:15:27.000Z,http://ln.is/dc.clicrbs.com.br/sc/VWvsp… #Neoway #Tecnologia #Soluções #Emprego #SantaCatarina,,
CMMI,@CMMI_Institute,2016-06-03T13:20:48.000Z,#CaseStudy: #BigData co #Neoway uses #CMMI's #DataManagement model to transform its business http://ow.ly/EcHR300SSxI,1,1
Ricardo Longa,@ricardolonga,2016-05-13T18:12:23.000Z,Neoway marcando presença no TDC 2016. #tdc2016 #TheDevConf #Neoway https://instagram.com/p/BFW2dEFI8dBnoymCtntqBCYv2OvzXyD-QMfsIo0/…,,1
Ricardo Longa,@ricardolonga,2016-05-13T00:13:08.000Z,Neoway marcando presença no TDC 2016. #tdc2016 #TheDevConf #Neoway https://instagram.com/p/BFU68Y4o8W42L7GCEF4uhAFrts3NujH9eXMK7s0/…,,
Ricardo Longa,@ricardolonga,2016-05-13T00:12:23.000Z,Neoway marcando presença no TDC 2016. #tdc2016 #TheDevConf #Neoway https://instagram.com/p/BFU63DZI8WuOcD6xvQjxbCRdwlvhFJPOBurdsw0/…,,
Ricardo Longa,@ricardolonga,2016-05-13T00:11:26.000Z,Neoway marcando presença no TDC 2016. #tdc2016 #TheDevConf #Neoway https://instagram.com/p/BFU6v9Wo8WjAXa2NJV1fNUMfGIQantTH7ECOCE0/…,,
Python People,@pythonpeople,2016-04-22T14:53:18.000Z,"#pybr #python Brasil Sponsor #neoway https://facebook.com/neoway.nw/
6,000 viewers",,
Luciano Borguetti,@lborguetti,2016-04-16T21:26:28.000Z,#go #golang #hackday #gophersfloripa #neoway #ipfs,1,3
Luciano Borguetti,@lborguetti,2016-04-16T14:17:38.000Z,#golang #go #hackday #ipfs #neoway,,4
Lahana,@lahaniinha,2015-12-18T13:54:31.000Z,Partiu festa da #neoway  https://instagram.com/p/_b4F8rCuV4/,,
Gabriel Passig,@gabrielpassig,2015-12-18T11:24:55.000Z,Brindes da Neoway: chinelo personalizado + shower speaker. Partiu festa da firma. #neoway… https://instagram.com/p/_bm-DZAeiT/,,
Nando,@Nando_Guimaraes,2015-12-15T11:45:41.000Z,Uma matéria sobre a #Neoway e os produtos que transformam o mercado. http://fb.me/3xz8yYf3e,,
wrinkle _boo♡,@wrinkle_boo,2015-12-07T13:23:28.000Z,"it there's something I hate the most it's seeing bad things happen to good people 
#Neoway♡♡♡♡♡",,
Lahana,@lahaniinha,2015-12-05T17:28:32.000Z,#frontinfloripa #neoway,,3
Crypto Organic Clothing | NEOwear,@neo_wear,2015-11-20T10:47:53.000Z,"#NEOframe '2
Nie pozwól aby Twój potencjał się zmarnował :) 
#NEOway #motywacja #inspiracja… https://instagram.com/p/-Tceo-JKua/",,
Crypto Organic Clothing | NEOwear,@neo_wear,2015-11-16T14:18:43.000Z,"Never let your past to decide about your present and future :) 
#NEOway #NEOframe #polishboy #quote… https://instagram.com/p/-JhbPFpKg1/",,
Crypto Organic Clothing | NEOwear,@neo_wear,2015-11-15T16:02:42.000Z,"Nie pozwól aby Twój potencjał się zmarnował :) 
#NEOway #NEOframe #motywacja #inspiracja #polishboy… https://instagram.com/p/-HIh-UJKqp/",,
Lahana,@lahaniinha,2015-10-29T15:35:04.000Z,#neoway #business #solutions #technology http://fb.me/7Fq8FI1co,,
Crypto Organic Clothing | NEOwear,@neo_wear,2015-10-25T12:47:03.000Z,"Snapchat = NEOtv? Czemu nie! Bo mogę :D Dodawać raz dwa trzy ;-) login: neo_wear
#snapchat #NEOway… https://instagram.com/p/9QtcW1JKvp/",,
Crypto Organic Clothing | NEOwear,@neo_wear,2015-10-24T11:31:07.000Z,"Snapchat = NEOtv? Czemu nie! Bo mogę :D Dodawać raz dwa trzy ;-) login: neo_wear
#snapchat #NEOway… https://instagram.com/p/9N_9sDJKua/",,
Crypto Organic Clothing | NEOwear,@neo_wear,2015-10-24T11:25:13.000Z,#me #selfie #saturday #polishboy #NEOway @ Bonlife UK - Health & Wellness Studio https://instagram.com/p/9N_SceJKtR/,,
Crypto Organic Clothing | NEOwear,@neo_wear,2015-10-18T10:50:43.000Z,#happy #sunday #NEOway #instagood #instaphoto #picoftheday #photooftheday #blackandwhite @ Parkstone… https://instagram.com/p/8-ekcmJKpH/,,
Crypto Organic Clothing | NEOwear,@neo_wear,2015-10-17T12:01:50.000Z,"New notepad :) nowy notes :) 
#notepad #notes #note #notebook #NEOway #motherboard #mainboard… https://instagram.com/p/88B6bPJKni/",,
JumperTraxz,@JumperTraxz,2015-10-09T04:56:56.000Z,#NeoWay,,
Catalina,@catalia_paque,2015-09-29T04:00:06.000Z,Soy feliz al ser parte de este itinerario de vida #neocat #neoway,,1
Catalina,@catalia_paque,2015-09-28T23:13:09.000Z,"El rosario es un arma grande que nos a dado la Virgen María.

Kiko Arguello 
#neoway #neocat",2,3
Catalina,@catalia_paque,2015-09-27T06:27:28.000Z,"Para escuchar la Buena noticia de CRISTO RESUCITADO.

Camino Neocatecumenal #neocat #neoway",3,
Wilson Almeida,@wilsoonalmeida,2015-08-29T21:24:43.000Z,Kubernetes Network #dockerfloripa #docker #neoway,1,3
Wilson Almeida,@wilsoonalmeida,2015-08-29T20:52:11.000Z,"Kubernetes - Manage a cluster of Linux containers in multi-cloud (Luciano, Katicipis) #docker #dockerfloripa #neoway",2,3
Wilson Almeida,@wilsoonalmeida,2015-08-29T20:36:55.000Z,"Bootstrap da sua infra no ""desespero"" (Lucas Martins) #docker dockerfloripa #neoway",,
Wilson Almeida,@wilsoonalmeida,2015-08-29T20:28:14.000Z,Ambientes isolados para testes integrados com Docker (Ricardo Longa)  #dockerfloripa #docker #neoway,,
Matheus Vill,@matheusvill,2015-08-29T20:21:33.000Z,"#docker #neoway 
@ricardolonga",1,3
Wilson Almeida,@wilsoonalmeida,2015-08-29T19:48:52.000Z,João Caibar  #docker #dockerfloripa #neoway,,
Wilson Almeida,@wilsoonalmeida,2015-08-29T18:58:18.000Z,"Sábado de sol e calor em floripa, trocando ideias acampanhado de chopp #docker #dockerfloripa #neoway",,1
Dickson S. Guedes,@guediz,2015-08-29T16:43:58.000Z,"E ai mestre vim assirtir a aula :) ""
@ricardolonga
: #Docker Floripa prestes a começar... #Neoway http://instagram.com/p/6-WXdaI8Rq8x…""",,
Wilson Almeida,@wilsoonalmeida,2015-08-29T16:43:37.000Z,#docker #dockerfloripa #neoway,,1
Ricardo Longa,@ricardolonga,2015-08-29T16:36:15.000Z,#Docker Floripa prestes a começar... #Neoway https://instagram.com/p/6-WXdaI8Rq8xyzvDLm15MUY6jjR1G6qB76psA0/…,1,2
Ricardo Longa,@ricardolonga,2015-08-29T10:42:04.000Z,"#Docker #Floripa, é hoje a tarde na SC 401, na Acate! #Neoway https://instagram.com/p/69t1XLI8cWsdK_MK0ff3L8nb9MyJniV8a7R9E0/…",,1
Insta-Arduino,@insta_arduino,2015-07-25T17:49:34.000Z,http://ift.tt/1OFozdE - #InstaSize #vscocam #arduino #robotics #programming #neoway by … http://ift.tt/1MtzcSv,,1
Ricardo Longa,@ricardolonga,2015-03-29T12:48:17.000Z,"@fabianofranz
 Parabéns pela sua palestra no 
@QConSP
, a #Neoway está bem empolgada com o 
@openshift
 v3. Um abraço!",,
Ricardo Longa,@ricardolonga,2015-03-27T13:46:20.000Z,Umas das palestras mais aguardadas do QCon. #neoway na #qconsp @ QConSP https://instagram.com/p/0u7tbxo8Qh/,,
Ricardo Longa,@ricardolonga,2015-03-26T16:11:56.000Z,pacoid falando sobre Apache #Spark. #neoway na #qconsp https://instagram.com/p/0snk3jo8Up/,,
Ricardo Longa,@ricardolonga,2015-03-25T22:29:26.000Z,"Case da Hotel Urbano, slide auto explicativo. #neoway na #qconsp @ QConSP https://instagram.com/p/0qt-7Do8Tz/",2,2
Ricardo Longa,@ricardolonga,2015-03-14T21:16:57.000Z,Convertendo os irmãos à artesãos de software. #floripajs  #neoway https://instagram.com/p/0OQ8YTI8SS/,,
Ricardo Longa,@ricardolonga,2015-03-14T18:16:21.000Z,"Saca só onde vou ""pregar a palavra"" sobre o manifesto do artesão de software. #floripajs #neoway #parceria",,1
Daniel Marques,@d_mmarques,2015-03-09T19:57:10.000Z,#neoway,,1
Daniel Marques,@d_mmarques,2015-03-09T19:55:27.000Z,#Neoway,,
Caio Casado,@caiocasado,2014-12-01T03:44:18.000Z,"Fusões & Aquisições: Fundo do Vale do Silício compra empresa de SC, #Neoway. http://lnkd.in/ehJn3G9",,
³⁰ م miryam,@adeleshunty,2014-09-12T17:38:28.000Z,@adidasNEOLabel #NEOway #NEOfollowNEOLOVERSfriday CAN YOU DO THIS AGAIN?,,
dan bbq,@BBQ_Times,2013-10-17T02:58:58.000Z,Neoway 99010 Deluxe Charcoal Barbecue http://shortvale.com/1kxhe #99010 #Advanced #Barbecue #Charcoal #Concepts #Deluxe #Neoway #Outdoor,,
barry,@Bargain_Finder_,2013-09-11T15:25:59.000Z,Neoway 99010 Deluxe Charcoal Barbecue http://shortvale.com/19pk0 #99010 #Advanced #Barbecue #Charcoal #Concepts #Deluxe #Neoway #Outdoor,,
dan bbq,@BBQ_Times,2013-07-28T14:18:24.000Z,Neoway 99010 Deluxe Charcoal Barbecue http://shortvale.com/4za6 #99010 #Advanced #Barbecue #Charcoal #Concepts #Deluxe #Neoway #Outdoor,,
NeoWay INCORPORATED,@neoway_inc,2013-05-31T01:43:15.000Z,Selamat pagi guys merapat ke store kami jalan gas alam cisalak depok ade diskon dan hari ini kami update stock kami #newarrival #neoway,1,
Ashley J. Blanco,@BlancofrthBlock,2013-04-30T23:38:47.000Z,I've decided! ... I'm converting to Italianism! #donefightingit! Thanks #neoway! <3,,
Büro Miami,@buromiami,2013-04-05T15:43:16.000Z,Neoway busy at work! Check them out at http://Neoway.com #buro #coworking #midtown #neoway,,
Ken o que?,@fusumaken,2013-03-14T01:10:50.000Z,#neoway http://instagr.am/p/W0amIDoBn8/,,
Frankie,@CheechieOwens,2013-02-08T18:19:11.000Z,Uh #neoway *fart noise*,,1
Melly Beeps,@mellyz6891,2013-01-11T11:29:06.000Z,@adidasNEOLabel #NEOway ,,
Lupnasty_,@nicklupoo77,2012-10-05T03:52:19.000Z,might actually wear sneakers tomorrow #neoway #flopnation,1,
Frankie,@CheechieOwens,2012-08-22T04:07:08.000Z,"Replying to 
@J_Giuffss",,
Tarek,@tboonation,2012-08-12T20:46:42.000Z,I'm really good at saving my money .. #neoway,,
Tarek,@tboonation,2012-06-11T01:36:43.000Z,@rosieturd lil wayne #neoway,,
TelecomTV M2M,@M2MChannelTTV,2012-05-22T15:38:44.000Z,M2M modules: #Cinterion stays ahead http://tinyurl.com/c9kp7tg #M2M #iDate #ABI #Huawei #iWOW #Neoway #Quectel #Sagemcom #SIMcom #uBlox #ZTE,,
Tarek,@tboonation,2012-05-14T21:09:51.000Z,Got so many compliments on dhiss neww twitter picturee #hotlife #neoway,,
Andrei M. Eichler,@andrei_me,2011-07-15T16:58:43.000Z,"""ÉcsEmnÉl"" RT 
@wilsondealmeida
: ""XML, do inglês XML"" (
@andrei_me
) #neoway",,
Wilson de Almeida,@wilsondealmeida,2011-07-15T16:34:06.000Z,"""XML, do inglês XML"" (
@andrei_me
) #neoway",1,
Fansand Shopping,@FansandShopping,2011-07-06T21:12:58.000Z,http://www.fansand.com/07/58/kansas-jayhawks-neoway-cap.html Kansas Jayhawks Neoway Cap #Jayhawks #Kansas #Neoway,,
Wilson de Almeida,@wilsondealmeida,2011-06-30T14:09:16.000Z,"Short timelines is for winners (
@andrei_me
) #neoway",,
Wilson de Almeida,@wilsondealmeida,2011-06-28T13:22:02.000Z,Meus estagiários estão ficando muito espertinhos #Neoway,,
Wilson de Almeida,@wilsondealmeida,2011-06-22T18:49:52.000Z,Meu chefe é uma figuraça #Neoway,,
Wilson de Almeida,@wilsondealmeida,2011-06-17T13:13:59.000Z,dá na cara #neoway,,
Wilson de Almeida,@wilsondealmeida,2011-06-14T14:29:11.000Z,"""Documentar software se deixar pra depois fica igual as tags das minhas músicas em mp3."" - (
@andrei_me
) #Neoway",,
Andrei M. Eichler,@andrei_me,2011-06-08T19:11:34.000Z,Cuca de banana com leite condensado e cuca de maçã muito top na #neoway,,
Wilson de Almeida,@wilsondealmeida,2011-06-03T13:18:38.000Z,"Gabi, como sempre, dando uma aula de estilo #Neoway",,
Andrei M. Eichler,@andrei_me,2011-06-02T13:51:19.000Z,"G e F estão aprendendo inglês, parece uma versão do ""o jardineiro é jesus"" #trollface #neoway",,
Wilson de Almeida,@wilsondealmeida,2011-05-31T14:40:21.000Z,"Replying to 
@andrei_me",,
Wilson de Almeida,@wilsondealmeida,2011-05-23T17:37:53.000Z,ar condicionado pra q? #neoway,,
Wilson de Almeida,@wilsondealmeida,2011-05-20T16:57:07.000Z,"Top #Francielly words by day: ""Estimou"" e ""Atividade"". #Neoway",,
Andrei M. Eichler,@andrei_me,2011-05-19T18:51:15.000Z,"""Sorry, you're dead, useless piece of code"" eu refatorando a StoreAction #neoway",,
Fabio Favero Henkes,@ffhenkes,2011-03-10T19:33:35.000Z,#Fallout new vegas até as 2:30 am é isso q dá #sono na #neoway :/,,
Andrei M. Eichler,@andrei_me,2011-03-02T13:45:40.000Z,#camelToe on #neoway,,
Juliano Gaio,@julianogaio,2011-03-02T12:38:49.000Z,sem internet na internet na #neoway de novo #mimimi,,
Andrei M. Eichler,@andrei_me,2011-02-28T12:48:56.000Z,Deu pau na internet da #neoway ótimo jeito de começar a segunda-feira #hateMonday #godBless3G,,
Andrei M. Eichler,@andrei_me,2011-02-22T00:05:58.000Z,"chegou a pizza na #neoway , vou voltar rolando pra casa hj #tenso #gordo_feelings",,
Andrei M. Eichler,@andrei_me,2011-02-21T22:53:39.000Z,caixa dois na vaquinha pra comprar a pizza na #neoway #tenso,,
Andrei M. Eichler,@andrei_me,2011-02-21T12:46:56.000Z,"apagaram o meu ""quadro de anotações"" na #neoway , advinha quem ordenou que limpassem #trollface",,
Andrei M. Eichler,@andrei_me,2011-02-08T12:09:12.000Z,São Paulo Fashion Week na #neoway #trollface,,
Juliano Gaio,@julianogaio,2011-02-03T18:53:08.000Z,marmelada da copa união na #neoway,,
Andrei M. Eichler,@andrei_me,2011-02-03T16:14:49.000Z,Alguém explica pra #neoway o significado de QA (Quality Assurance) #vai_sonhando,,
Andrei M. Eichler,@andrei_me,2011-02-01T16:46:24.000Z,"Ó Sandro, dá um jeitin nesse servidô #neoway",1,
Fabio Favero Henkes,@ffhenkes,2011-02-01T16:15:40.000Z,ó xente bixim n dexa o servidô caí não!! #neoway,,
Andrei M. Eichler,@andrei_me,2011-02-01T16:10:55.000Z,"Êta servido arretado meu rei, vixi maria #neoway",,
Juliano Gaio,@julianogaio,2011-01-21T16:13:02.000Z,"Replying to 
@andrei_me",,
Andrei M. Eichler,@andrei_me,2011-01-21T16:09:18.000Z,"Replying to 
@julianogaio",,
